signal_id,created_at,symbol,market_regime,signal,score,entry_price,rsi,volume_ratio,atr,status,price_24h,pnl_24h,result_24h,price_48h,pnl_48h,result_48h,price_7d,pnl_7d,result_7d
22066509c1944036942152a29adf8c95,2026-06-24T10:00:00+00:00,TONUSDT,SIDEWAYS,IGNORE,35,1.58,54.11993850529991,0.578616075487711,0.0205,IGNORE,,,,,,,,,
a3a00db2fa1b408696b5e58b88609c3b,2026-06-24T10:00:00+00:00,TRXUSDT,SIDEWAYS,IGNORE,35,0.3311,79.30301926373374,0.2734844648346748,0.0003357142857142,IGNORE,,,,,,,,,
3a84d291099a4abdb5887d5089b78aee,2026-06-24T10:00:00+00:00,INJUSDT,SIDEWAYS,IGNORE,25,4.49,36.20863900076903,4.043403579307688,0.0160714285714288,IGNORE,,,,,,,,,
75bbd235fd5145c9bf2203c25d1cae6f,2026-06-24T10:00:00+00:00,AVAXUSDT,SIDEWAYS,IGNORE,25,6.411,48.31697527887756,0.9461164458655064,0.0225000000000001,IGNORE,,,,,,,,,
44f2ed62b7344891b43afe1a08244837,2026-06-24T10:00:00+00:00,SEIUSDT,SIDEWAYS,IGNORE,25,0.0528,51.96527922583195,0.7576242586465101,0.0002335714285714,IGNORE,,,,,,,,,
b7cd98abb12a4665b1ab9f1b82246f7d,2026-06-24T10:00:00+00:00,LINKUSDT,SIDEWAYS,IGNORE,25,7.625,52.353578916472095,0.6987397833348729,0.0190000000000001,IGNORE,,,,,,,,,
c26abf55b2e64c7990d1c53655c74b42,2026-06-24T10:00:00+00:00,DOGEUSDT,SIDEWAYS,IGNORE,25,0.07896,47.68203228669617,0.5319293874493389,0.0001914285714285,IGNORE,,,,,,,,,
a9d4f4e9326f4706a25f106d6de13069,2026-06-24T10:00:00+00:00,BTCUSDT,SIDEWAYS,IGNORE,25,62681.7,45.87648070833478,0.3542184969331541,99.17714285714256,IGNORE,,,,,,,,,
8a512550cc694c03a226e3003ce9f58a,2026-06-24T10:00:00+00:00,OPUSDT,SIDEWAYS,IGNORE,25,0.1021,59.76935442243799,0.2411408276790831,0.0004428571428571,IGNORE,,,,,,,,,
1a0affeeba614e9b9743084aea06b45a,2026-06-24T10:00:00+00:00,ARBUSDT,SIDEWAYS,IGNORE,25,0.0785,50.655758673300674,0.0503782110211799,0.0003,IGNORE,,,,,,,,,
9284e14cc9ec4145a0001cc610c8dece,2026-06-24T10:00:00+00:00,ATOMUSDT,SIDEWAYS,IGNORE,20,1.671,24.520111101781865,1.2955132634425337,0.0060714285714286,IGNORE,,,,,,,,,
78aa79bb4bb244e08da51ed25ed69dbf,2026-06-24T10:00:00+00:00,ADAUSDT,SIDEWAYS,IGNORE,15,0.1504,39.26519804455625,1.1492902751818206,0.0005714285714285,IGNORE,,,,,,,,,
5bd8d17cfcf84d698c47500f84c70c82,2026-06-24T10:00:00+00:00,XRPUSDT,SIDEWAYS,IGNORE,15,1.0986,40.40306766484116,0.6859161193151692,0.0023928571428571,IGNORE,,,,,,,,,
40813640d6f54cc58ab9cec3ae41bb16,2026-06-24T10:00:00+00:00,ETHUSDT,SIDEWAYS,IGNORE,15,1667.15,43.53707820984727,0.6581278669632481,3.877857142857108,IGNORE,,,,,,,,,
e0f124f20d254804a03181081c7d7d6a,2026-06-24T10:00:00+00:00,SOLUSDT,SIDEWAYS,IGNORE,15,69.31,40.39657731454199,0.6576236020946524,0.2057142857142833,IGNORE,,,,,,,,,
f08eb8785b714a2192c73309e42dc1bf,2026-06-24T10:00:00+00:00,APTUSDT,SIDEWAYS,IGNORE,15,0.643,44.39182316042003,0.6203570090238331,0.0024285714285714,IGNORE,,,,,,,,,
3aeecd66b33c4b9da4e54cc5b9123f3c,2026-06-24T10:00:00+00:00,BNBUSDT,SIDEWAYS,IGNORE,15,577.01,44.3595672837142,0.5912511232286263,1.0542857142857136,IGNORE,,,,,,,,,
aa0999a545ee4dc6883b9c2207691157,2026-06-24T10:00:00+00:00,SUIUSDT,SIDEWAYS,IGNORE,15,0.7,44.50399925930716,0.314070222001537,0.0024785714285714,IGNORE,,,,,,,,,
3f51bdf308854b499a68830c43ee666e,2026-06-24T10:00:00+00:00,DOTUSDT,SIDEWAYS,IGNORE,15,0.904,41.82924523350769,0.2747142293931475,0.0027142857142857,IGNORE,,,,,,,,,
c6b58acd26014e409585dc0a0595bed0,2026-06-24T10:00:00+00:00,NEARUSDT,SIDEWAYS,IGNORE,5,1.954,38.08970595200992,0.9356265920857952,0.0078571428571428,IGNORE,,,,,,,,,
c8f8d0ffb42246818874ddb9bc91a538,2026-06-24T12:00:00+00:00,DOTUSDT,SIDEWAYS,IGNORE,55,0.907,55.51937592860902,4.961162797965457,0.0040714285714285,IGNORE,,,,,,,,,
63860238b07841cf96c3a09b73947c1b,2026-06-24T12:00:00+00:00,DOGEUSDT,SIDEWAYS,IGNORE,55,0.07903,54.19275295343555,3.931643562051746,0.0003228571428571,IGNORE,,,,,,,,,
476774bba791481baf3580d482f83016,2026-06-24T12:00:00+00:00,OPUSDT,SIDEWAYS,IGNORE,55,0.102,54.87492238335788,3.449065711554724,0.0006714285714285,IGNORE,,,,,,,,,
848c8f90a65a4e9591f84ca11e73c3fe,2026-06-24T12:00:00+00:00,SUIUSDT,SIDEWAYS,IGNORE,55,0.7015,51.70435902546031,3.2131138381904765,0.0032285714285714,IGNORE,,,,,,,,,
050074df018544b284e4799b622bc52b,2026-06-24T12:00:00+00:00,ARBUSDT,SIDEWAYS,IGNORE,55,0.0786,56.04027245856096,2.709277678438417,0.0004357142857142,IGNORE,,,,,,,,,
0f44b492104c422b9f26d80fa1af9fd6,2026-06-24T12:00:00+00:00,LINKUSDT,SIDEWAYS,IGNORE,55,7.633,56.50577670951349,2.592278212814154,0.0314285714285716,IGNORE,,,,,,,,,
998ba29bb86440b69d80467e70c203ac,2026-06-24T12:00:00+00:00,APTUSDT,SIDEWAYS,IGNORE,55,0.642,50.51673163744218,2.317995597600297,0.0034285714285714,IGNORE,,,,,,,,,
ad1f54b512d94c2ea3d549ce749720e1,2026-06-24T12:00:00+00:00,AVAXUSDT,SIDEWAYS,IGNORE,55,6.447,59.1813956983463,2.183845854973628,0.0277142857142857,IGNORE,,,,,,,,,
7ba9c2d70ff9428483c53ba9901d3117,2026-06-24T12:00:00+00:00,XRPUSDT,SIDEWAYS,IGNORE,55,1.0958,49.304359679587535,1.8114449031716555,0.0045357142857142,IGNORE,,,,,,,,,
5de3ba0dfd8243e5968b07ee8c0dce6e,2026-06-24T12:00:00+00:00,NEARUSDT,SIDEWAYS,IGNORE,55,1.974,57.91543069628556,1.7694394469225232,0.0112142857142857,IGNORE,,,,,,,,,
7ba8b7d69c074be0817a2626f5c545fb,2026-06-24T12:00:00+00:00,ETHUSDT,SIDEWAYS,IGNORE,40,1679.57,63.09039948188131,4.947407397152557,6.112857142857138,IGNORE,,,,,,,,,
41b1591ec8734609889314b759a7b522,2026-06-24T12:00:00+00:00,BTCUSDT,SIDEWAYS,IGNORE,40,62921.19,61.25312436540127,3.160712586633424,162.29928571428536,IGNORE,,,,,,,,,
b460e102fa844125905202a45f1e5b5d,2026-06-24T12:00:00+00:00,SOLUSDT,SIDEWAYS,IGNORE,40,69.82,61.219361908677946,2.785675591773145,0.3035714285714306,IGNORE,,,,,,,,,
c5704834091d402f83e5acc4091d2ab2,2026-06-24T12:00:00+00:00,BNBUSDT,SIDEWAYS,IGNORE,40,579.79,63.25486946185959,2.749790513240623,1.4778571428571143,IGNORE,,,,,,,,,
89420b2b0cdc4d6aa5793c38d261553e,2026-06-24T12:00:00+00:00,ADAUSDT,SIDEWAYS,IGNORE,40,0.1483,40.40314874500415,1.363227769370219,0.0011071428571428,IGNORE,,,,,,,,,
da813c5182d24aa5894b57b4104fe09f,2026-06-24T12:00:00+00:00,SEIUSDT,SIDEWAYS,IGNORE,35,0.05379,72.80220107852385,5.095255213625771,0.0002471428571428,IGNORE,,,,,,,,,
b0464fec41f34695bb61ea37a439ccd9,2026-06-24T12:00:00+00:00,INJUSDT,SIDEWAYS,IGNORE,35,4.337,25.665498383958024,2.653324033726754,0.0338571428571428,IGNORE,,,,,,,,,
45a180cbc0ad4c46b0288eca3260e19a,2026-06-24T12:00:00+00:00,ATOMUSDT,SIDEWAYS,IGNORE,35,1.652,24.378948108086604,1.7935245785067802,0.0071428571428571,IGNORE,,,,,,,,,
8494f28d0a5946e99fcbe1a1ca3eaa43,2026-06-24T12:00:00+00:00,TRXUSDT,SIDEWAYS,IGNORE,35,0.3315,71.48312973276012,0.9098591877401524,0.0004571428571428,IGNORE,,,,,,,,,
228d3c006a714c219f912e5f7ba6e5d3,2026-06-24T12:00:00+00:00,TONUSDT,SIDEWAYS,IGNORE,20,1.611,62.127024058362665,0.7960261546856965,0.0227142857142856,IGNORE,,,,,,,,,
95d5d61fba3c4851af2be3eb919b83cc,2026-06-24T15:00:00+00:00,SEIUSDT,SIDEWAYS,IGNORE,45,0.05321,55.97273927523442,1.1541088849499854,0.0005671428571428,IGNORE,,,,,,,,,
9a61ac1cc9e74a1eb83ef42dca637b52,2026-06-24T15:00:00+00:00,TRXUSDT,SIDEWAYS,IGNORE,35,0.3293,35.7479197309942,0.6815082775378228,0.00045,IGNORE,,,,,,,,,
9ed19d17fb1f47899ba97be47a9982f8,2026-06-24T15:00:00+00:00,ATOMUSDT,SIDEWAYS,IGNORE,35,1.666,53.39948141196549,0.1605081942501007,0.0108571428571428,IGNORE,,,,,,,,,
684977a10fc646468dac6b12b14f5989,2026-06-24T15:00:00+00:00,BTCUSDT,SIDEWAYS,IGNORE,30,61113.1,18.39244981439232,1.3603210072052396,378.4428571428565,IGNORE,,,,,,,,,
74aaddf4ec4d4b57aed5d2deb7627e75,2026-06-24T15:00:00+00:00,SUIUSDT,SIDEWAYS,IGNORE,30,0.6864,34.27673899015046,1.3367358187950436,0.0060571428571428,IGNORE,,,,,,,,,
b028068753b54bd4a00887a05da5ae77,2026-06-24T15:00:00+00:00,AVAXUSDT,SIDEWAYS,IGNORE,25,6.329,38.59462885843377,1.065751206525146,0.0570714285714285,IGNORE,,,,,,,,,
3f68e8c5541740649c08221558dc7930,2026-06-24T15:00:00+00:00,BNBUSDT,SIDEWAYS,IGNORE,25,570.45,30.53197901660637,1.0547752035917048,3.1292857142857184,IGNORE,,,,,,,,,
ba51ca5eaaca4d5aa9b86fc736467b5a,2026-06-24T15:00:00+00:00,SOLUSDT,SIDEWAYS,IGNORE,25,68.85,40.835024370436365,0.7109033933250324,0.5657142857142878,IGNORE,,,,,,,,,
77bf72aa8ca640c5af97893edeae6fa0,2026-06-24T15:00:00+00:00,DOTUSDT,SIDEWAYS,IGNORE,25,0.893,40.4549314438928,0.5799361440626474,0.0072857142857142,IGNORE,,,,,,,,,
ac9437df44de4bb99662ef592981963e,2026-06-24T15:00:00+00:00,NEARUSDT,SIDEWAYS,IGNORE,25,1.938,41.428983387712606,0.4806450305682397,0.0184285714285714,IGNORE,,,,,,,,,
3e1482d93e4247ec9d47e9d45cd328f6,2026-06-24T15:00:00+00:00,OPUSDT,SIDEWAYS,IGNORE,25,0.1003,44.083563075584486,0.3415268230359339,0.00145,IGNORE,,,,,,,,,
29ce303138de4b63bd7ecca33c53834c,2026-06-24T15:00:00+00:00,APTUSDT,SIDEWAYS,IGNORE,25,0.63,40.148017196428654,0.2959625837020855,0.0062142857142857,IGNORE,,,,,,,,,
aa3a33662d944a229cb547a2f0d55c23,2026-06-24T15:00:00+00:00,INJUSDT,SIDEWAYS,IGNORE,25,4.35,42.36670057201823,0.2842198467668895,0.0492142857142854,IGNORE,,,,,,,,,
016b40e59df54201905c4f860515dc90,2026-06-24T15:00:00+00:00,ETHUSDT,SIDEWAYS,IGNORE,15,1647.26,34.27959076728287,0.8912870283984597,12.487142857142851,IGNORE,,,,,,,,,
a17614a21dfb4eb698925edf85f3d026,2026-06-24T15:00:00+00:00,DOGEUSDT,SIDEWAYS,IGNORE,15,0.07678,24.458924834439216,0.8300510432945697,0.0005507142857142,IGNORE,,,,,,,,,
8fda90080b294b84884c62c2ea12d643,2026-06-24T15:00:00+00:00,ARBUSDT,SIDEWAYS,IGNORE,15,0.0772,39.97514587296629,0.7276341966800003,0.0007,IGNORE,,,,,,,,,
be117a3ce7634d808694b1e30a92be5b,2026-06-24T15:00:00+00:00,XRPUSDT,SIDEWAYS,IGNORE,15,1.0754,29.15321662664506,0.6292604009504066,0.00685,IGNORE,,,,,,,,,
19a63ca2da874a3e84b87dbc4f8604d2,2026-06-24T15:00:00+00:00,LINKUSDT,SIDEWAYS,IGNORE,15,7.501,37.36256682161274,0.456129008078569,0.0562857142857143,IGNORE,,,,,,,,,
2297fec5d44f446eb94fcf6bf861c66f,2026-06-24T15:00:00+00:00,TONUSDT,SIDEWAYS,IGNORE,15,1.559,40.07720111672003,0.4185673634988057,0.0174999999999999,IGNORE,,,,,,,,,
ed6d6671a4cd4a1bb7457b73648276ff,2026-06-24T15:00:00+00:00,ADAUSDT,SIDEWAYS,IGNORE,15,0.1454,29.291927928649383,0.3848108101593087,0.0012428571428571,IGNORE,,,,,,,,,
ae4fb8e9bac54698ac4bdc5652d0578e,2026-06-24T17:00:00+00:00,TRXUSDT,BEAR,IGNORE,55,0.3261,15.810363385098242,1.6617431067525066,0.0006428571428571,IGNORE,,,,,,,,,
aa949f8f5774496c8b6abdaeb3561683,2026-06-24T17:00:00+00:00,NEARUSDT,BEAR,IGNORE,35,1.888,30.951404703722304,1.8011347846810566,0.0190714285714285,IGNORE,,,,,,,,,
589dc9134b594658afebebcbfa0ab24a,2026-06-24T17:00:00+00:00,DOGEUSDT,BEAR,IGNORE,30,0.07416,20.910014589672286,1.4762099432884404,0.0006807142857142,IGNORE,,,,,,,,,
27aa9131e4ca4ded989e6a6ef5b90bd4,2026-06-24T17:00:00+00:00,SUIUSDT,BEAR,IGNORE,30,0.6659,25.22107902038884,1.4676117706278684,0.0064785714285714,IGNORE,,,,,,,,,
9d0424152d86465c89511b0aa88b68df,2026-06-24T17:00:00+00:00,LINKUSDT,BEAR,IGNORE,30,7.266,23.415993165164025,1.2015062986254716,0.0584999999999998,IGNORE,,,,,,,,,
34ededf0e09c44e980581caac685361a,2026-06-24T17:00:00+00:00,ETHUSDT,BEAR,IGNORE,25,1588.21,21.82258134259844,1.1957569939114567,14.533571428571396,IGNORE,,,,,,,,,
bbcf9f9caad04901bd82c7c40bbfa55f,2026-06-24T17:00:00+00:00,BTCUSDT,BEAR,IGNORE,25,59839.72,16.830693679295237,1.031276102346096,360.7592857142845,IGNORE,,,,,,,,,
f84875c911144b8981dd8781cef0ab95,2026-06-24T17:00:00+00:00,SEIUSDT,BEAR,IGNORE,25,0.05204,41.53314867357075,0.8559815960287122,0.0006714285714285,IGNORE,,,,,,,,,
5f6f16d33b98431cb67a1c4b7b3075cd,2026-06-24T17:00:00+00:00,DOTUSDT,BEAR,IGNORE,15,0.858,26.068556061345973,0.9517105663638286,0.0097857142857142,IGNORE,,,,,,,,,
a396de3403b2484a8914b3f3fe3af78b,2026-06-24T17:00:00+00:00,BNBUSDT,BEAR,IGNORE,15,555.32,16.532145372424324,0.9260074724018736,3.5142857142857093,IGNORE,,,,,,,,,
bc313fd523854195b5715e7c6c5a6277,2026-06-24T17:00:00+00:00,XRPUSDT,BEAR,IGNORE,15,1.0588,29.059344014247912,0.902139889239236,0.0063642857142857,IGNORE,,,,,,,,,
3a98b3116a164da8b86203054b405cad,2026-06-24T17:00:00+00:00,SOLUSDT,BEAR,IGNORE,15,66.38,22.64935138963064,0.9017408888456584,0.6285714285714304,IGNORE,,,,,,,,,
18bcc3c75b3048a38889c847f25298f8,2026-06-24T17:00:00+00:00,AVAXUSDT,BEAR,IGNORE,15,6.123,24.91781309654948,0.8712467817034213,0.0620714285714285,IGNORE,,,,,,,,,
01e35e0ec83f44ab82b5595dc6970b8f,2026-06-24T17:00:00+00:00,OPUSDT,BEAR,IGNORE,15,0.0971,35.32799892580718,0.6595983971521283,0.0016142857142857,IGNORE,,,,,,,,,
ece9e162c606450baa17b0aa58e1e4d6,2026-06-24T17:00:00+00:00,APTUSDT,BEAR,IGNORE,15,0.602,25.35409745714796,0.5975985628177649,0.0071428571428571,IGNORE,,,,,,,,,
b609931816a748bea161a396309d8f53,2026-06-24T17:00:00+00:00,ATOMUSDT,BEAR,IGNORE,15,1.628,37.5259108595718,0.5814965217970982,0.0117142857142857,IGNORE,,,,,,,,,
2e6001670203478392ab9ac643396958,2026-06-24T17:00:00+00:00,ARBUSDT,BEAR,IGNORE,15,0.0741,24.619334243798264,0.3740583947855608,0.0008428571428571,IGNORE,,,,,,,,,
57bbd4927c3c4919b5f743b08c045b62,2026-06-24T17:00:00+00:00,TONUSDT,BEAR,IGNORE,5,1.531,35.134467466255444,0.9598964697644368,0.0162142857142856,IGNORE,,,,,,,,,
3891976eaf7d41e2ac194c1cf4e63e2b,2026-06-24T17:00:00+00:00,INJUSDT,BEAR,IGNORE,5,4.226,32.996924150448166,0.9265209852576424,0.0450714285714285,IGNORE,,,,,,,,,
d089c241c68a4692b081117fb0840a3e,2026-06-24T17:00:00+00:00,ADAUSDT,BEAR,IGNORE,5,0.1422,23.983900674921745,0.916273150353432,0.0011214285714285,IGNORE,,,,,,,,,
84875b52ee204dc68b90fae13f7d9151,2026-06-24T19:00:00+00:00,TONUSDT,BEAR,IGNORE,35,1.567,53.827538918069344,0.9514584473474522,0.0209285714285714,IGNORE,,,,,,,,,
17d75238b9f643bd81d3748aa52b5090,2026-06-24T19:00:00+00:00,SEIUSDT,BEAR,IGNORE,35,0.05294,54.90369916416863,0.5474628940053027,0.0006614285714285,IGNORE,,,,,,,,,
7fab358ec4f64d3ab2308af4da4f9ab3,2026-06-24T19:00:00+00:00,NEARUSDT,BEAR,IGNORE,35,1.903,45.24840281882559,0.4214658308858984,0.0219999999999999,IGNORE,,,,,,,,,
5ecb4ddf4ab64013a5a332c8518467bc,2026-06-24T19:00:00+00:00,OPUSDT,BEAR,IGNORE,35,0.0986,49.14049176705368,0.3227951016428558,0.0015857142857142,IGNORE,,,,,,,,,
7ce760f538094217a3de8ec1e5c4482c,2026-06-24T19:00:00+00:00,INJUSDT,BEAR,IGNORE,25,4.232,42.626383755806046,0.5620747704838056,0.0568571428571428,IGNORE,,,,,,,,,
e66600b19aff4553aebecf820d254a23,2026-06-24T19:00:00+00:00,ATOMUSDT,BEAR,IGNORE,25,1.626,43.01313938326928,0.5449713315431223,0.0142857142857142,IGNORE,,,,,,,,,
521f9f68e1924dfc8f244d142102e483,2026-06-24T19:00:00+00:00,SUIUSDT,BEAR,IGNORE,25,0.6714,43.37551475057931,0.3578311341269841,0.0075714285714285,IGNORE,,,,,,,,,
50b2299138754ceabc8bb1fa6e1aa285,2026-06-24T19:00:00+00:00,XRPUSDT,BEAR,IGNORE,25,1.0603,41.09625811802733,0.3451508724458379,0.0072428571428571,IGNORE,,,,,,,,,
9a417492f5594adb8e18d1064b605926,2026-06-24T19:00:00+00:00,ADAUSDT,BEAR,IGNORE,15,0.1417,34.983128346214855,0.8813856692077889,0.0012642857142857,IGNORE,,,,,,,,,
cd28052397e5474f8e38360c7138a5f3,2026-06-24T19:00:00+00:00,TRXUSDT,BEAR,IGNORE,15,0.326,27.29906733688931,0.6912366396189228,0.0006857142857142,IGNORE,,,,,,,,,
91d6f37140034c30bcc476054d60422d,2026-06-24T19:00:00+00:00,DOTUSDT,BEAR,IGNORE,15,0.861,38.28019312194944,0.4875709806717621,0.0107857142857142,IGNORE,,,,,,,,,
92191253da92495792256fcbf1374cf2,2026-06-24T19:00:00+00:00,ETHUSDT,BEAR,IGNORE,15,1572.26,28.08384135055455,0.4869277412390672,15.46071428571424,IGNORE,,,,,,,,,
53bdb37e79dc459c8fec60fe5b4d2c8a,2026-06-24T19:00:00+00:00,AVAXUSDT,BEAR,IGNORE,15,6.098,35.17420000004273,0.4826922050345936,0.0674285714285714,IGNORE,,,,,,,,,
b526f872290b4e54a0d446af406ca9dc,2026-06-24T19:00:00+00:00,ARBUSDT,BEAR,IGNORE,15,0.0737,32.269140266747684,0.4519029839614242,0.0009142857142857,IGNORE,,,,,,,,,
fd079505adef41b69fc3f4b59913e8d1,2026-06-24T19:00:00+00:00,SOLUSDT,BEAR,IGNORE,15,66.03,34.83968745407722,0.3194748753594884,0.7042857142857153,IGNORE,,,,,,,,,
05aca4473dd34d59b1d7e2c819db64c6,2026-06-24T19:00:00+00:00,LINKUSDT,BEAR,IGNORE,15,7.189,30.52931266365256,0.247077747252151,0.0669999999999998,IGNORE,,,,,,,,,
9a9bdb1b96ad4a24893d4a5c11cc4031,2026-06-24T19:00:00+00:00,DOGEUSDT,BEAR,IGNORE,15,0.0739,32.194501828154586,0.2057352392653452,0.0007621428571428,IGNORE,,,,,,,,,
2a55b4e770594cabb5b7a4b1481b42e7,2026-06-24T19:00:00+00:00,APTUSDT,BEAR,IGNORE,15,0.604,38.29434127048712,0.1958158354159455,0.0081428571428571,IGNORE,,,,,,,,,
87afe97198de4321832c7e4723f35ac0,2026-06-24T19:00:00+00:00,BNBUSDT,BEAR,IGNORE,15,553.59,29.90360831842236,0.1820889033430719,3.9764285714285768,IGNORE,,,,,,,,,
3544f4cbe72e46b8a6acff3e7821da78,2026-06-24T19:00:00+00:00,BTCUSDT,BEAR,IGNORE,5,59599.99,26.300959626816137,0.308358832739522,372.92357142857145,IGNORE,,,,,,,,,
16063ee7a8584ef3a622298125a4f374,2026-06-24T20:00:00+00:00,TRXUSDT,BEAR,IGNORE,40,0.3268,47.268245989162295,1.2784276395998149,0.0004857142857142,IGNORE,,,,,,,,,
c287634c81234dd8a233de31b62360e2,2026-06-24T20:00:00+00:00,INJUSDT,BEAR,IGNORE,35,4.328,57.244111562974496,0.6788796686947319,0.0533571428571428,IGNORE,,,,,,,,,
dd7138e6567d467d94e92bb5f0add3c3,2026-06-24T20:00:00+00:00,ADAUSDT,BEAR,IGNORE,35,0.1443,56.11938338177637,0.6384882567551894,0.0013142857142857,IGNORE,,,,,,,,,
93a8e5f8b30949ecb355ad385524d4b0,2026-06-24T20:00:00+00:00,XRPUSDT,BEAR,IGNORE,35,1.0725,56.575000980628914,0.4047912679719915,0.0075071428571428,IGNORE,,,,,,,,,
881a89d6e0fa4421b1942ac6bea1c497,2026-06-24T20:00:00+00:00,SOLUSDT,BEAR,IGNORE,25,67.51,55.88614023851847,0.5404289509841308,0.6535714285714279,IGNORE,,,,,,,,,
df88b5a435d341bc9b1e0563e62032bd,2026-06-24T20:00:00+00:00,NEARUSDT,BEAR,IGNORE,25,1.943,59.598459867317054,0.5142243663756775,0.0207857142857142,IGNORE,,,,,,,,,
2783f29dc9e94359b9f080e8974e9991,2026-06-24T20:00:00+00:00,LINKUSDT,BEAR,IGNORE,25,7.395,57.475662327595046,0.4841815907127069,0.0596428571428571,IGNORE,,,,,,,,,
d6b934914ba74b1aa306808ce85b9b8a,2026-06-24T20:00:00+00:00,ETHUSDT,BEAR,IGNORE,25,1612.31,53.96408321964557,0.4433284665764313,13.079285714285708,IGNORE,,,,,,,,,
180e446fa66c4402936a3ae54818c638,2026-06-24T20:00:00+00:00,SUIUSDT,BEAR,IGNORE,25,0.6846,58.92710071836272,0.3312743146066154,0.0062571428571428,IGNORE,,,,,,,,,
9bebe53934e045f4a5c6a3e599992215,2026-06-24T20:00:00+00:00,ARBUSDT,BEAR,IGNORE,25,0.076,57.64320095828384,0.3087155519855832,0.00075,IGNORE,,,,,,,,,
54c7311303ee4bc2afaf06b81ae4676b,2026-06-24T20:00:00+00:00,BTCUSDT,BEAR,IGNORE,25,60884.02,59.36861095859208,0.2901310009833378,350.3435714285718,IGNORE,,,,,,,,,
7fd30ed50c3f4a9ba89451bdd85a30b7,2026-06-24T20:00:00+00:00,DOTUSDT,BEAR,IGNORE,25,0.881,57.73357302644643,0.2461828422486873,0.0077142857142857,IGNORE,,,,,,,,,
fe99f20f7b0147ef865ac11663193ad8,2026-06-24T20:00:00+00:00,DOGEUSDT,BEAR,IGNORE,25,0.07549,54.47417133951591,0.2400388540113229,0.0005785714285714,IGNORE,,,,,,,,,
fd1fb8c756b245a1835edd0128229b16,2026-06-24T20:00:00+00:00,BNBUSDT,BEAR,IGNORE,25,562.38,54.98772593706277,0.2262655945923891,3.402857142857158,IGNORE,,,,,,,,,
f2f0caf5817d4e408ad5c149d2f01ecc,2026-06-24T20:00:00+00:00,AVAXUSDT,BEAR,IGNORE,20,6.335,63.89395079352738,1.1011982341355286,0.0615714285714287,IGNORE,,,,,,,,,
1f210f3747944b1a9d79b55757f57d96,2026-06-24T20:00:00+00:00,TONUSDT,BEAR,IGNORE,10,1.589,62.07736828315439,0.949915822407261,0.0172142857142857,IGNORE,,,,,,,,,
c3846feb4481497a8b74c566eebe5115,2026-06-24T20:00:00+00:00,OPUSDT,BEAR,IGNORE,10,0.1022,66.13607301477197,0.5399817267095495,0.0012857142857142,IGNORE,,,,,,,,,
0470be5a230e40bdb46f707fd1b8962b,2026-06-24T20:00:00+00:00,SEIUSDT,BEAR,IGNORE,10,0.05456,67.95447745591555,0.4806930944113041,0.0005971428571428,IGNORE,,,,,,,,,
3b0747598de8433694dd9f56ca62a255,2026-06-24T20:00:00+00:00,ATOMUSDT,BEAR,IGNORE,10,1.657,60.151646994454005,0.3674727719696368,0.0127857142857142,IGNORE,,,,,,,,,
0d1deee2206048939a1f49156488ad9d,2026-06-24T20:00:00+00:00,APTUSDT,BEAR,IGNORE,10,0.626,61.29239209397915,0.2062726740301213,0.007,IGNORE,,,,,,,,,
761502b904904eb0a5b1b90a81a78567,2026-06-24T22:00:00+00:00,TRXUSDT,BEAR,IGNORE,45,0.3273,53.93433594273655,0.5311204115391173,0.0004214285714285,IGNORE,,,,,,,,,
489e83192d7d4c3b99143568b6c09bbb,2026-06-24T22:00:00+00:00,INJUSDT,BEAR,IGNORE,35,4.291,51.61637232872628,1.0184671030911352,0.0393571428571428,IGNORE,,,,,,,,,
e4aec91ba08b41869c9840ea965fd342,2026-06-24T22:00:00+00:00,XRPUSDT,BEAR,IGNORE,25,1.0766,58.8768536524444,0.4850526165260597,0.0064928571428571,IGNORE,,,,,,,,,
b8254834d8d5499da5ad7e8dc74b0995,2026-06-24T22:00:00+00:00,ETHUSDT,BEAR,IGNORE,25,1621.37,58.65498172756533,0.3722049220319919,9.943571428571415,IGNORE,,,,,,,,,
cb8d21064d564c28a6f44b83545da283,2026-06-24T22:00:00+00:00,ATOMUSDT,BEAR,IGNORE,25,1.658,59.63944496131382,0.3301902921698456,0.0089999999999999,IGNORE,,,,,,,,,
fc81a260418741c9819ee34f415e87a1,2026-06-24T22:00:00+00:00,BNBUSDT,BEAR,IGNORE,25,564.21,57.86642478316224,0.2092810337438737,2.5971428571428583,IGNORE,,,,,,,,,
fd4c445a026b4ca2a108ab20e404b870,2026-06-24T22:00:00+00:00,TONUSDT,BEAR,IGNORE,25,1.572,52.53437244950612,0.1766964480798065,0.0139285714285714,IGNORE,,,,,,,,,
e8245f907f8649079452faf4d499749d,2026-06-24T22:00:00+00:00,LINKUSDT,BEAR,IGNORE,10,7.449,62.97789426655104,0.4891277881007662,0.0453571428571429,IGNORE,,,,,,,,,
10baff495a124b60a3afc0c2ec0c65f2,2026-06-24T22:00:00+00:00,ADAUSDT,BEAR,IGNORE,10,0.1471,68.29811493349578,0.4244670247341777,0.0011499999999999,IGNORE,,,,,,,,,
f799351549bb448c9045b4485b386879,2026-06-24T22:00:00+00:00,AVAXUSDT,BEAR,IGNORE,10,6.38,67.69780107741659,0.3580122744493821,0.0495714285714285,IGNORE,,,,,,,,,
313a9a6f78dd465ebefc7e7d96b48ce6,2026-06-24T22:00:00+00:00,SEIUSDT,BEAR,IGNORE,10,0.05497,66.94230630059427,0.3328130543586879,0.0005171428571428,IGNORE,,,,,,,,,
fc3acda5bc6b4856adb7fdd797cfedc6,2026-06-24T22:00:00+00:00,DOTUSDT,BEAR,IGNORE,10,0.889,63.429883647489945,0.3245868346548523,0.0055714285714285,IGNORE,,,,,,,,,
ebc7e06782944a5ea1682f1abdbfe75c,2026-06-24T22:00:00+00:00,OPUSDT,BEAR,IGNORE,10,0.1036,68.54624445013093,0.3013965209181753,0.0010428571428571,IGNORE,,,,,,,,,
711deae4849d465cbf391d7845323776,2026-06-24T22:00:00+00:00,SOLUSDT,BEAR,IGNORE,10,68.09,60.92503671840878,0.2608751328755872,0.519285714285714,IGNORE,,,,,,,,,
ef24d390a27a4ae5965dbdf161746f43,2026-06-24T22:00:00+00:00,DOGEUSDT,BEAR,IGNORE,10,0.07606,60.18392590704094,0.2454010822040341,0.00045,IGNORE,,,,,,,,,
1dc1d89a83394de29784bd1a6f067114,2026-06-24T22:00:00+00:00,BTCUSDT,BEAR,IGNORE,10,61110.0,61.77394460501558,0.1917112624721353,302.16857142857145,IGNORE,,,,,,,,,
91f2d984d8cd4954b568cc2566cc0431,2026-06-24T22:00:00+00:00,SUIUSDT,BEAR,IGNORE,10,0.6891,62.37212466896392,0.1710804854801117,0.0046071428571428,IGNORE,,,,,,,,,
6f4dab6bde514e8aac3d181349725fe3,2026-06-24T22:00:00+00:00,NEARUSDT,BEAR,IGNORE,10,1.968,65.86690417759701,0.1495251665177785,0.0166428571428571,IGNORE,,,,,,,,,
f862b05cdaef4a1ca019fed05fd734b2,2026-06-24T22:00:00+00:00,ARBUSDT,BEAR,IGNORE,10,0.0765,61.29566366015072,0.1477601543939291,0.0005571428571428,IGNORE,,,,,,,,,
a057d665fae144eb9d14bda38465a359,2026-06-24T22:00:00+00:00,APTUSDT,BEAR,IGNORE,10,0.635,66.61598225865141,0.1468648115406096,0.0055,IGNORE,,,,,,,,,
53037eb2ea0849999a43eb734e47fd64,2026-06-24T23:00:00+00:00,TRXUSDT,BEAR,IGNORE,45,0.3273,51.44214449839941,0.621625079327196,0.0004499999999999,IGNORE,,,,,,,,,
eadd007837ea41b6b50bfc3096d65242,2026-06-24T23:00:00+00:00,ARBUSDT,BEAR,IGNORE,25,0.0759,52.2531627893576,0.9447639878481888,0.0004714285714285,IGNORE,,,,,,,,,
f13a417804df448cb9cdaabc4372d62c,2026-06-24T23:00:00+00:00,APTUSDT,BEAR,IGNORE,25,0.629,57.16988351396154,0.727024895917879,0.0047857142857142,IGNORE,,,,,,,,,
4f3b72005dd0462488f1b80251f66010,2026-06-24T23:00:00+00:00,DOGEUSDT,BEAR,IGNORE,25,0.07604,59.34269204885395,0.6387338144763286,0.0003892857142857,IGNORE,,,,,,,,,
68aa598c1b464b978ff97daba784e70b,2026-06-24T23:00:00+00:00,BNBUSDT,BEAR,IGNORE,25,564.3,57.09223231176614,0.572496083780862,2.365714285714278,IGNORE,,,,,,,,,
e46231772c65407a829ea055920f6232,2026-06-24T23:00:00+00:00,XRPUSDT,BEAR,IGNORE,25,1.0741,55.297342697900206,0.415834886563946,0.0053857142857142,IGNORE,,,,,,,,,
6d28dc82581c43f8b2570bb34bd43188,2026-06-24T23:00:00+00:00,BTCUSDT,BEAR,IGNORE,25,60988.0,57.838491817826686,0.4151800723822328,272.7928571428565,IGNORE,,,,,,,,,
68d69cfe985b47aa8b9c2fde9df8e01b,2026-06-24T23:00:00+00:00,SOLUSDT,BEAR,IGNORE,25,68.0,58.826548000768,0.3569628598375483,0.4571428571428576,IGNORE,,,,,,,,,
164e825ed9de482aae4568c44e378de6,2026-06-24T23:00:00+00:00,ETHUSDT,BEAR,IGNORE,25,1619.56,56.74499435266185,0.3466413334992605,8.706428571428546,IGNORE,,,,,,,,,
1d6a6209ac3e4bdabe2626ad1aef52fb,2026-06-24T23:00:00+00:00,INJUSDT,BEAR,IGNORE,25,4.254,46.917444646188514,0.3008812587998803,0.0385714285714285,IGNORE,,,,,,,,,
3460380b28954f61a623954a12886aef,2026-06-24T23:00:00+00:00,ATOMUSDT,BEAR,IGNORE,25,1.65,52.38006930630661,0.2594942209852115,0.0074285714285714,IGNORE,,,,,,,,,
6ba37ef9b4e94ca0a134a23568e34d1b,2026-06-24T23:00:00+00:00,LINKUSDT,BEAR,IGNORE,25,7.421,57.25525091395426,0.2526410635017727,0.0390714285714288,IGNORE,,,,,,,,,
79a9484368814f11a677ae8c3a6d7e5a,2026-06-24T23:00:00+00:00,DOTUSDT,BEAR,IGNORE,25,0.886,58.656626993988816,0.2174680398265866,0.0047857142857142,IGNORE,,,,,,,,,
bb08e58ed6ca453d85af0602dd063a3c,2026-06-24T23:00:00+00:00,SUIUSDT,BEAR,IGNORE,25,0.6857,56.09079007453407,0.1394236007235948,0.0038428571428571,IGNORE,,,,,,,,,
e6cb8e9eaf4546c6ac4e7eb17498b1e6,2026-06-24T23:00:00+00:00,AVAXUSDT,BEAR,IGNORE,15,6.444,71.2690685578518,1.1729340464984956,0.0512142857142856,IGNORE,,,,,,,,,
8fe96290ad7145e88ac3ad4e78672cc2,2026-06-24T23:00:00+00:00,OPUSDT,BEAR,IGNORE,10,0.1041,68.32435275153674,0.736394041925643,0.0010642857142857,IGNORE,,,,,,,,,
3f8acd3953d8433ba556f95b33a84a04,2026-06-24T23:00:00+00:00,TONUSDT,BEAR,IGNORE,10,1.597,64.58652627965849,0.7096441846087279,0.0119999999999999,IGNORE,,,,,,,,,
815080732a07457c91b65b125e2479d4,2026-06-24T23:00:00+00:00,SEIUSDT,BEAR,IGNORE,10,0.05524,67.5228169077395,0.4538294315462723,0.0004107142857142,IGNORE,,,,,,,,,
7e7f9589099b4a799cc287228be43e08,2026-06-24T23:00:00+00:00,NEARUSDT,BEAR,IGNORE,10,1.963,62.0959952582016,0.2370124582361043,0.0139285714285714,IGNORE,,,,,,,,,
7e536443ce5a4831bf5f8cf5a4913d0c,2026-06-24T23:00:00+00:00,ADAUSDT,BEAR,IGNORE,10,0.1477,65.95433581602313,0.2030496239813677,0.0011785714285714,IGNORE,,,,,,,,,
f8776d4e43424bbca2fe450fda0b910c,2026-06-25T01:00:00+00:00,TRXUSDT,BEAR,IGNORE,55,0.3275,52.945687233223246,0.9430181592956464,0.0004428571428571,IGNORE,,,,,,,,,
2e7e9f09039c40c1b601bf241c09ebed,2026-06-25T01:00:00+00:00,XRPUSDT,BEAR,IGNORE,40,1.0751,54.84913010655733,1.208885949868597,0.0034499999999999,IGNORE,,,,,,,,,
ee5606aab07b4d3494e8699363d84665,2026-06-25T01:00:00+00:00,SEIUSDT,BEAR,IGNORE,40,0.05474,51.586705661968445,1.2035715161545222,0.0003557142857142,IGNORE,,,,,,,,,
39f6550da6794da68df67511a3e28449,2026-06-25T01:00:00+00:00,APTUSDT,BEAR,IGNORE,25,0.626,49.84716970891565,0.5695086263353165,0.003,IGNORE,,,,,,,,,
0cf0bc9d2cc94b4b985822847b183566,2026-06-25T01:00:00+00:00,ARBUSDT,BEAR,IGNORE,25,0.0761,53.29759079388053,0.5425987830402019,0.0003785714285714,IGNORE,,,,,,,,,
ef4a4b60fd134d20bd94efa8940e16bb,2026-06-25T01:00:00+00:00,ETHUSDT,BEAR,IGNORE,25,1618.99,54.10061463452693,0.5422950872191494,5.367857142857117,IGNORE,,,,,,,,,
2e4b1c1add604f44b74fd13cfe3154e2,2026-06-25T01:00:00+00:00,NEARUSDT,BEAR,IGNORE,25,1.954,53.6172606168757,0.5351525685562575,0.0082857142857142,IGNORE,,,,,,,,,
d5969016592b4cf189767c415de3633e,2026-06-25T01:00:00+00:00,AVAXUSDT,BEAR,IGNORE,25,6.401,58.72615720163634,0.5168241735617752,0.0381428571428571,IGNORE,,,,,,,,,
f1d374236b9f46a48dea9648fe66f082,2026-06-25T01:00:00+00:00,BNBUSDT,BEAR,IGNORE,25,564.69,56.715829829891725,0.5050082143949924,1.4864285714285512,IGNORE,,,,,,,,,
aedc846a0046433f9a9f893649bad66e,2026-06-25T01:00:00+00:00,SOLUSDT,BEAR,IGNORE,25,67.64,49.93483131627926,0.492025608441427,0.3007142857142862,IGNORE,,,,,,,,,
b98d4e82d41b4693b0c4e2a3fc3384b3,2026-06-25T01:00:00+00:00,LINKUSDT,BEAR,IGNORE,25,7.401,51.73816897182928,0.4793311347344204,0.0250000000000001,IGNORE,,,,,,,,,
0620f26276ca4478b61c94fb1d8ebb71,2026-06-25T01:00:00+00:00,BTCUSDT,BEAR,IGNORE,25,60862.01,52.01031500857547,0.4248719232252205,162.6557142857138,IGNORE,,,,,,,,,
9e10688144fa406eaedb0f96d6a773fd,2026-06-25T01:00:00+00:00,TONUSDT,BEAR,IGNORE,25,1.581,53.29816093014131,0.3118306265374901,0.0099285714285714,IGNORE,,,,,,,,,
869865499661454b9101afb50478cc43,2026-06-25T01:00:00+00:00,OPUSDT,BEAR,IGNORE,20,0.1056,68.63963879729698,0.6295410163675663,0.0011857142857142,IGNORE,,,,,,,,,
6d27d53a9b7a410995027c9352b900ce,2026-06-25T01:00:00+00:00,SUIUSDT,BEAR,IGNORE,15,0.678,41.544117851763,0.9632422240854772,0.0027571428571428,IGNORE,,,,,,,,,
903123d0239b4bf9bab35fba85e7a83b,2026-06-25T01:00:00+00:00,ATOMUSDT,BEAR,IGNORE,15,1.642,44.358198435751255,0.3237464932422145,0.0052857142857143,IGNORE,,,,,,,,,
8892cdbf78bf4dd1934ae10786bb7a2b,2026-06-25T01:00:00+00:00,DOGEUSDT,BEAR,IGNORE,10,0.0762,60.03270761916195,0.8632129077068101,0.0002521428571428,IGNORE,,,,,,,,,
cb29b93a2e78439983656ce04b666148,2026-06-25T01:00:00+00:00,DOTUSDT,BEAR,IGNORE,10,0.888,60.3536200382661,0.6369572148597028,0.0030714285714285,IGNORE,,,,,,,,,
b05c6055380943649416c0fdf254e89c,2026-06-25T01:00:00+00:00,ADAUSDT,BEAR,IGNORE,10,0.1479,62.670284116236246,0.4370070202282372,0.0009214285714285,IGNORE,,,,,,,,,
662b55fc96b5419f953d6fc3634c7c66,2026-06-25T01:00:00+00:00,INJUSDT,BEAR,IGNORE,5,4.209,37.97321680960597,0.4440498958139885,0.028142857142857,IGNORE,,,,,,,,,
f262926c42594224be1e1d04a2e0d663,2026-06-25T05:00:00+00:00,TRXUSDT,BEAR,IGNORE,55,0.3302,82.28865306460345,4.925726587597132,0.0004214285714285,IGNORE,,,,,,,,,
a4eac707d90c484cba6c7ef1c6892242,2026-06-25T05:00:00+00:00,AVAXUSDT,BEAR,IGNORE,40,6.574,69.91587865645432,1.7833794641093546,0.0430714285714286,IGNORE,,,,,,,,,
1a2c7e8199d44448b946ac5a500aa4d1,2026-06-25T05:00:00+00:00,SOLUSDT,BEAR,IGNORE,40,68.95,69.11737603700583,1.731470180729311,0.3278571428571461,IGNORE,,,,,,,,,
1868d00fe4684235a96a6e319dc8fb3e,2026-06-25T05:00:00+00:00,SEIUSDT,BEAR,IGNORE,40,0.0574,71.2522209217974,0.7985440128344008,0.0004171428571428,IGNORE,,,,,,,,,
86f86da32f5c41a395e9c763aa66925c,2026-06-25T05:00:00+00:00,BNBUSDT,BEAR,IGNORE,35,570.63,70.40613712489878,2.7190558312725006,1.6664285714285745,IGNORE,,,,,,,,,
f3e20f00453c4ab5a1c83821fe0c48ab,2026-06-25T05:00:00+00:00,ETHUSDT,BEAR,IGNORE,35,1644.88,70.62266579080986,2.277460440731508,6.733571428571476,IGNORE,,,,,,,,,
685ec0d436ec4b70b28a0aa004e8a5c5,2026-06-25T05:00:00+00:00,SUIUSDT,BEAR,IGNORE,35,0.6916,70.01468112256003,1.5515728145362764,0.0030214285714285,IGNORE,,,,,,,,,
a842515b8869431cbfd732eaa627fb77,2026-06-25T05:00:00+00:00,INJUSDT,BEAR,IGNORE,35,4.255,57.43696445289296,0.6665066359818103,0.0311428571428573,IGNORE,,,,,,,,,
338cf3d75efb40b482cd77966c39a1a8,2026-06-25T05:00:00+00:00,APTUSDT,BEAR,IGNORE,35,0.629,55.57203471116905,0.5353546817725493,0.0031428571428571,IGNORE,,,,,,,,,
cc935ff5756a4c30a99e93ada146c434,2026-06-25T05:00:00+00:00,TONUSDT,BEAR,IGNORE,35,1.592,53.82208895233145,0.5032593931607189,0.0118571428571428,IGNORE,,,,,,,,,
7af4a24306c6423c92ec0e66a9e1bda3,2026-06-25T05:00:00+00:00,ATOMUSDT,BEAR,IGNORE,30,1.676,77.63396697860063,1.3757813030118429,0.0054999999999999,IGNORE,,,,,,,,,
9287850541a3446f9110973cf5a7a7ef,2026-06-25T05:00:00+00:00,DOTUSDT,BEAR,IGNORE,30,0.894,64.48012909298825,1.06469530701693,0.0034285714285714,IGNORE,,,,,,,,,
ade67fc8d965408ab8ef53f7475ca23b,2026-06-25T05:00:00+00:00,BTCUSDT,BEAR,IGNORE,30,61536.01,67.51357114595785,1.0546466551919402,200.53285714285656,IGNORE,,,,,,,,,
6e3947ed14f340acadc0b068e80a87c4,2026-06-25T05:00:00+00:00,OPUSDT,BEAR,IGNORE,25,0.1083,73.80001530163939,2.151474073057639,0.0006785714285714,IGNORE,,,,,,,,,
daf50ccf7daf4d3e8574bdd90dda523c,2026-06-25T05:00:00+00:00,NEARUSDT,BEAR,IGNORE,20,1.965,61.91896143326557,0.9968743801373974,0.0083571428571428,IGNORE,,,,,,,,,
2a004018c7d346bab8e20a9389ae1ce9,2026-06-25T05:00:00+00:00,ADAUSDT,BEAR,IGNORE,20,0.15,68.55897183028947,0.8591109001113457,0.0007571428571428,IGNORE,,,,,,,,,
e00018a9fd134c3b884fc189e1581509,2026-06-25T05:00:00+00:00,ARBUSDT,BEAR,IGNORE,20,0.0771,67.62261863202772,0.5995439578092618,0.0003785714285714,IGNORE,,,,,,,,,
932691fd426d466baf592d251d00dde8,2026-06-25T05:00:00+00:00,XRPUSDT,BEAR,IGNORE,20,1.0838,65.35394639508877,0.4696953161994569,0.0036714285714285,IGNORE,,,,,,,,,
ecf1d5ba7a2c4a44913bd29b2b41e0c8,2026-06-25T05:00:00+00:00,LINKUSDT,BEAR,IGNORE,15,7.51,70.68429936460635,0.9051128117281396,0.0281428571428571,IGNORE,,,,,,,,,
b90bb5138c9f44838f2a75104c60dc1e,2026-06-25T05:00:00+00:00,DOGEUSDT,BEAR,IGNORE,15,0.07719,72.00129422592822,0.512577128134013,0.0002971428571428,IGNORE,,,,,,,,,
9fbaee681aa445e4a79c144b67a8ae7d,2026-06-25T08:00:00+00:00,SEIUSDT,BEAR,IGNORE,80,0.05849,75.83502884521356,1.649757182527388,0.0004342857142857,IGNORE,,,,,,,,,
37678be450364e46822c236dd296a8e1,2026-06-25T08:00:00+00:00,TRXUSDT,BEAR,IGNORE,55,0.3291,54.46407353107531,0.4658695448764853,0.0004642857142857,IGNORE,,,,,,,,,
40119b2a6a0d4007b3d4c5bdcb5f8164,2026-06-25T08:00:00+00:00,NEARUSDT,BEAR,IGNORE,50,1.962,52.22213979124221,1.399301330570332,0.0087142857142857,IGNORE,,,,,,,,,
5cdc35e0e4184466b1b1c2dd38e7cafe,2026-06-25T08:00:00+00:00,TONUSDT,BEAR,IGNORE,35,1.596,50.97519929557646,0.4028974865702049,0.0145,IGNORE,,,,,,,,,
2a049260a9e548ebafb1346f00b9c0af,2026-06-25T08:00:00+00:00,ATOMUSDT,BEAR,IGNORE,35,1.66,51.618625364261966,0.3671165634421056,0.0056428571428571,IGNORE,,,,,,,,,
5eadd0b434da4e3aabfb141bb64ca8f8,2026-06-25T08:00:00+00:00,INJUSDT,BEAR,IGNORE,35,4.238,50.4493105203037,0.260498785398392,0.0418571428571428,IGNORE,,,,,,,,,
f8a6a926a6434c68bd816b49876ae3ec,2026-06-25T08:00:00+00:00,ADAUSDT,BEAR,IGNORE,25,0.1496,58.28241258533634,0.5873929665611797,0.0006357142857142,IGNORE,,,,,,,,,
f90b012f0ab24121bcae1d371ebdad18,2026-06-25T08:00:00+00:00,AVAXUSDT,BEAR,IGNORE,25,6.514,52.87317392169964,0.5353875889160161,0.0375714285714284,IGNORE,,,,,,,,,
6232b2fadadf4139b37aed61b4f5b2d7,2026-06-25T08:00:00+00:00,BNBUSDT,BEAR,IGNORE,25,569.75,56.778878791375575,0.5289249256755914,1.2464285714285666,IGNORE,,,,,,,,,
00b3d73052ac42c7bb6db34dada966cb,2026-06-25T08:00:00+00:00,XRPUSDT,BEAR,IGNORE,25,1.0842,56.18226968976657,0.5213525808515724,0.0029857142857142,IGNORE,,,,,,,,,
eadd555ecac94ed485c0622daf201cae,2026-06-25T08:00:00+00:00,DOTUSDT,BEAR,IGNORE,25,0.89,51.3420339591766,0.22485723128745,0.0026428571428571,IGNORE,,,,,,,,,
f9335929fff64552b67339322d4c7d4f,2026-06-25T08:00:00+00:00,SUIUSDT,BEAR,IGNORE,20,0.698,67.12224213424034,0.5566771653779407,0.0033071428571428,IGNORE,,,,,,,,,
f7cdb118078e4f69bbb0aa80aca442e9,2026-06-25T08:00:00+00:00,SOLUSDT,BEAR,IGNORE,10,69.18,62.16013128110826,0.9699184815464748,0.2821428571428573,IGNORE,,,,,,,,,
20b2eb72ac594a7f93df59f01dc21dd0,2026-06-25T08:00:00+00:00,DOGEUSDT,BEAR,IGNORE,10,0.07721,62.73930675459676,0.596731497905528,0.0002214285714285,IGNORE,,,,,,,,,
3d460a263d6a494ba65601930afa609b,2026-06-25T08:00:00+00:00,ARBUSDT,BEAR,IGNORE,10,0.0771,60.32013198915813,0.5005171295759157,0.0003142857142857,IGNORE,,,,,,,,,
73c92a3d4d094e1787636425718af22b,2026-06-25T08:00:00+00:00,BTCUSDT,BEAR,IGNORE,10,61757.19,64.21906231982803,0.4687097502344368,149.72857142857123,IGNORE,,,,,,,,,
bc3a3fe4e6944ddebdafce53906ee300,2026-06-25T08:00:00+00:00,ETHUSDT,BEAR,IGNORE,10,1653.44,68.08393287215506,0.393223593409132,5.428571428571445,IGNORE,,,,,,,,,
3caa312fccfa4768bbc162677e9ef00a,2026-06-25T08:00:00+00:00,OPUSDT,BEAR,IGNORE,10,0.1088,66.4610079145736,0.3840671552032136,0.0005571428571428,IGNORE,,,,,,,,,
6b3916a3f0ce492f86147c4767eaf24e,2026-06-25T08:00:00+00:00,APTUSDT,BEAR,IGNORE,10,0.636,61.28053967220401,0.2563467053467095,0.003,IGNORE,,,,,,,,,
f5169db175904ac99ef84f42083bcbba,2026-06-25T08:00:00+00:00,LINKUSDT,BEAR,IGNORE,10,7.519,60.91790988004189,0.250037617929373,0.0223571428571429,IGNORE,,,,,,,,,
c11e6fba20a04b6aa9a67abebda91211,2026-06-25T11:00:00+00:00,SEIUSDT,BEAR,IGNORE,90,0.0584,54.80490522769791,1.0206268087526438,0.0006564285714285,IGNORE,,,,,,,,,
3272287286a04fd5a6b43976af45402b,2026-06-25T11:00:00+00:00,TRXUSDT,BEAR,IGNORE,45,0.3289,49.03285128524024,0.8809105043558921,0.0003357142857142,IGNORE,,,,,,,,,
d6226ddd375a4e64908e4d2b7969ff5f,2026-06-25T11:00:00+00:00,ETHUSDT,BEAR,IGNORE,25,1630.89,33.1142914284068,1.83410672673634,5.022142857142869,IGNORE,,,,,,,,,
d3a3d6be2020408fa8bf65488f384a95,2026-06-25T11:00:00+00:00,TONUSDT,BEAR,IGNORE,25,1.579,43.54005344098077,1.0003740197154691,0.0109285714285714,IGNORE,,,,,,,,,
6d416d79cdb2424c9cb2c2c2bd12ae0c,2026-06-25T11:00:00+00:00,SUIUSDT,BEAR,IGNORE,25,0.6914,46.364419869193306,0.9341715558571309,0.0029071428571428,IGNORE,,,,,,,,,
5b183e9a9d58403585e1f11d48f368e3,2026-06-25T11:00:00+00:00,ADAUSDT,BEAR,IGNORE,20,0.1476,33.31697222254819,1.4473151709336038,0.0005571428571428,IGNORE,,,,,,,,,
c3ab3bd80e3141318b4cca9cc654f348,2026-06-25T11:00:00+00:00,SOLUSDT,BEAR,IGNORE,20,68.11,33.99531452096156,1.33362201791351,0.2578571428571458,IGNORE,,,,,,,,,
2c8aa167ce564989a5da8c33b394326b,2026-06-25T11:00:00+00:00,BTCUSDT,BEAR,IGNORE,15,61242.0,38.24565425916117,1.0647658892724443,139.32714285714246,IGNORE,,,,,,,,,
c7b8d3704be94ad8a712802d181e54e0,2026-06-25T11:00:00+00:00,BNBUSDT,BEAR,IGNORE,15,562.36,24.4455957194061,0.876931156104788,1.4564285714285703,IGNORE,,,,,,,,,
9357c7b75eb44147a417bd196356a07c,2026-06-25T11:00:00+00:00,ATOMUSDT,BEAR,IGNORE,15,1.632,30.343525416018096,0.2789612456884451,0.0066428571428571,IGNORE,,,,,,,,,
cf377a4e3b8a45d4a241cfa4d926da01,2026-06-25T11:00:00+00:00,DOGEUSDT,BEAR,IGNORE,5,0.07586,25.587755906752264,0.969143056892607,0.0002271428571428,IGNORE,,,,,,,,,
af94da6f8c5b46bfb102f2688fc894f3,2026-06-25T11:00:00+00:00,AVAXUSDT,BEAR,IGNORE,5,6.41,34.36202103491664,0.9311705955181114,0.0257857142857141,IGNORE,,,,,,,,,
cab3c6a351694e49a5b69ec0817bd0b5,2026-06-25T11:00:00+00:00,XRPUSDT,BEAR,IGNORE,5,1.0704,29.486161411181328,0.9009048823438368,0.0027499999999999,IGNORE,,,,,,,,,
f74851eed20d4a5eb3da3960aa2d3a94,2026-06-25T11:00:00+00:00,LINKUSDT,BEAR,IGNORE,5,7.438,36.905302649288224,0.8881878327646096,0.0190714285714285,IGNORE,,,,,,,,,
89495fc14c6347a68269963e59781bd3,2026-06-25T11:00:00+00:00,OPUSDT,BEAR,IGNORE,5,0.105,28.77388904715488,0.8640332184937473,0.0005642857142857,IGNORE,,,,,,,,,
658da1ba0310434aa6fb1987f79444d2,2026-06-25T11:00:00+00:00,ARBUSDT,BEAR,IGNORE,5,0.0761,36.78966634951198,0.8265561215785132,0.0002571428571428,IGNORE,,,,,,,,,
67a3488fd529458c9130e6096e116d00,2026-06-25T11:00:00+00:00,DOTUSDT,BEAR,IGNORE,5,0.878,29.820986750814768,0.6720748974199375,0.0029285714285714,IGNORE,,,,,,,,,
fca0ecab06db45d3be88e6adba106c74,2026-06-25T11:00:00+00:00,APTUSDT,BEAR,IGNORE,5,0.627,36.88080503806721,0.6565961466102438,0.0027142857142857,IGNORE,,,,,,,,,
623aa9695c3e409189df3f68c8dc80f2,2026-06-25T11:00:00+00:00,NEARUSDT,BEAR,IGNORE,5,1.937,37.32789237058893,0.4033484969357011,0.0089285714285713,IGNORE,,,,,,,,,
a6b9c10ab5404f6ea9212f199ff32da5,2026-06-25T11:00:00+00:00,INJUSDT,BEAR,IGNORE,5,4.174,38.17609313760409,0.3625338795953865,0.0339285714285713,IGNORE,,,,,,,,,
c8a889f32b67400cb922230132f0c7de,2026-06-25T13:00:00+00:00,SEIUSDT,BEAR,IGNORE,70,0.05734,42.300457388162144,0.793852841020505,0.0006928571428571,IGNORE,,,,,,,,,
f622ac3d85b3426fac473c8b4baeafb5,2026-06-25T13:00:00+00:00,TRXUSDT,BEAR,IGNORE,55,0.3264,25.992889361616875,5.156969499450501,0.0005357142857142,IGNORE,,,,,,,,,
b70d8e6cffc94cccb233bd9a9a74a6af,2026-06-25T13:00:00+00:00,INJUSDT,BEAR,IGNORE,55,4.227,48.991984500669005,2.3991949050322265,0.043642857142857,IGNORE,,,,,,,,,
0ba2c6a3e1374c0db32ee80bf9553dc7,2026-06-25T13:00:00+00:00,DOGEUSDT,BEAR,IGNORE,35,0.0748,26.08094560293289,11.587470004162176,0.0004421428571428,IGNORE,,,,,,,,,
6400bac8c1b647b286d232bf525f20ab,2026-06-25T13:00:00+00:00,BTCUSDT,BEAR,IGNORE,35,60077.99,22.82375260416136,7.674084805096871,306.29357142857094,IGNORE,,,,,,,,,
87da438046184c7380963131b2845f8b,2026-06-25T13:00:00+00:00,ARBUSDT,BEAR,IGNORE,35,0.0744,26.142420439661223,7.510973020924846,0.0005642857142857,IGNORE,,,,,,,,,
e5d55266817e464b8c9024049ac7cb7b,2026-06-25T13:00:00+00:00,DOTUSDT,BEAR,IGNORE,35,0.864,25.42456691938441,7.260182610734523,0.0054285714285714,IGNORE,,,,,,,,,
f8a8d5fa64744fc192e18220de1cafec,2026-06-25T13:00:00+00:00,OPUSDT,BEAR,IGNORE,35,0.1037,34.280303670700675,6.563065412708468,0.0009071428571428,IGNORE,,,,,,,,,
3ff9c60f173e40a48a0ad265f49022e9,2026-06-25T13:00:00+00:00,LINKUSDT,BEAR,IGNORE,35,7.293,25.944463228493035,6.494376441514225,0.0446428571428571,IGNORE,,,,,,,,,
2158a8402e3f498c8cd6ca70f0e22fa0,2026-06-25T13:00:00+00:00,SOLUSDT,BEAR,IGNORE,35,66.52,22.716086202988663,6.067910350490949,0.4728571428571442,IGNORE,,,,,,,,,
cb9392b9721c42319f0ff9f94c66b168,2026-06-25T13:00:00+00:00,ADAUSDT,BEAR,IGNORE,35,0.1452,29.208100421637724,5.261819000207386,0.0010071428571428,IGNORE,,,,,,,,,
8ecf8fa1359949a99c2e6931ada02555,2026-06-25T13:00:00+00:00,AVAXUSDT,BEAR,IGNORE,35,6.22,20.892115165788454,4.786769069410072,0.0481428571428571,IGNORE,,,,,,,,,
bae4eb7d7a9142f4a8a7419aad136edd,2026-06-25T13:00:00+00:00,XRPUSDT,BEAR,IGNORE,35,1.0549,24.54348179859128,4.702137356957326,0.0052428571428571,IGNORE,,,,,,,,,
3ac70e95d18943d2bc5fd9f0d92d37ef,2026-06-25T13:00:00+00:00,ETHUSDT,BEAR,IGNORE,35,1592.67,21.54843360991049,4.144331222304567,10.58571428571432,IGNORE,,,,,,,,,
39be160dd1454ace9508d3711e4d92b1,2026-06-25T13:00:00+00:00,SUIUSDT,BEAR,IGNORE,35,0.682,36.812911445334926,3.2781458050211723,0.0050928571428571,IGNORE,,,,,,,,,
932679e3816841c1a32da2916ad544eb,2026-06-25T13:00:00+00:00,APTUSDT,BEAR,IGNORE,35,0.611,26.512950358041337,3.2678845635343508,0.0052857142857142,IGNORE,,,,,,,,,
0a97878cfd2c4cf39e6194512180f9b4,2026-06-25T13:00:00+00:00,ATOMUSDT,BEAR,IGNORE,35,1.594,21.538335577343343,3.08318231353484,0.0109285714285713,IGNORE,,,,,,,,,
05956df1e04a4151868036b3ebb7cf9a,2026-06-25T13:00:00+00:00,NEARUSDT,BEAR,IGNORE,35,1.894,34.24083323880117,2.9340712179351924,0.0177857142857142,IGNORE,,,,,,,,,
24a52cb61719496b9e76e6fc9aea838d,2026-06-25T13:00:00+00:00,BNBUSDT,BEAR,IGNORE,35,558.65,33.5037181205991,2.648358359382668,2.975714285714268,IGNORE,,,,,,,,,
25ade466248e484cb3dc4d483f8f5716,2026-06-25T13:00:00+00:00,TONUSDT,BEAR,IGNORE,30,1.562,36.17007925157305,1.271814834493486,0.0117142857142857,IGNORE,,,,,,,,,
b13f50864d814b298d1c30c0385155f1,2026-06-25T16:00:00+00:00,SEIUSDT,BEAR,IGNORE,80,0.05795,53.58954215338496,0.9525141411837356,0.0008235714285714,IGNORE,,,,,,,,,
065ab1d55b7749f6b69b1e8a63447387,2026-06-25T16:00:00+00:00,OPUSDT,BEAR,IGNORE,55,0.1045,51.07762588566566,2.629918384921816,0.0020785714285714,IGNORE,,,,,,,,,
d10f35565ab641839b545ca443914311,2026-06-25T16:00:00+00:00,NEARUSDT,BEAR,IGNORE,45,1.881,46.46407558915615,1.0181501410437837,0.0332142857142856,IGNORE,,,,,,,,,
f10f7c2643214c48a106c2ab1a1633c3,2026-06-25T16:00:00+00:00,ETHUSDT,BEAR,IGNORE,40,1577.62,40.90476548320852,1.293326635318585,23.03857142857141,IGNORE,,,,,,,,,
91c475ad16bc4322b63970c01e89e2ea,2026-06-25T16:00:00+00:00,DOGEUSDT,BEAR,IGNORE,35,0.07383,43.09708148340632,1.0785936657527262,0.0010578571428571,IGNORE,,,,,,,,,
55c003904e9341ca9a1b71b06b1dc003,2026-06-25T16:00:00+00:00,DOTUSDT,BEAR,IGNORE,35,0.859,46.980339177228245,0.6662107420039602,0.0137857142857142,IGNORE,,,,,,,,,
56751893c7c24dbfb51997df834eb787,2026-06-25T16:00:00+00:00,SOLUSDT,BEAR,IGNORE,35,66.65,45.909187702662834,0.6061898781895966,1.0514285714285714,IGNORE,,,,,,,,,
0570ff98da38406792f93a848380deb6,2026-06-25T16:00:00+00:00,SUIUSDT,BEAR,IGNORE,35,0.6819,50.28770076227914,0.5995700121517444,0.0105357142857142,IGNORE,,,,,,,,,
810aaa7cc4494402bce354aced995b3c,2026-06-25T16:00:00+00:00,INJUSDT,BEAR,IGNORE,35,4.237,51.88141012376463,0.5727326401894505,0.0835714285714285,IGNORE,,,,,,,,,
b0fc00d68b6240a58a30be28074f3e1c,2026-06-25T16:00:00+00:00,ADAUSDT,BEAR,IGNORE,35,0.1443,45.97048509573036,0.5492801473214783,0.0022785714285714,IGNORE,,,,,,,,,
b22798f6927646d6b181a7fe13c92b6c,2026-06-25T16:00:00+00:00,TONUSDT,BEAR,IGNORE,35,1.561,47.47469004513613,0.3963700421847302,0.0177857142857143,IGNORE,,,,,,,,,
1af92eb8c7c944c2a627ee7c4c0a0bf4,2026-06-25T16:00:00+00:00,ATOMUSDT,BEAR,IGNORE,35,1.629,55.233475485322856,0.3530257029950702,0.0199285714285714,IGNORE,,,,,,,,,
346b934040284d41bc7bad79f346666c,2026-06-25T16:00:00+00:00,BNBUSDT,BEAR,IGNORE,35,555.74,45.73111896843089,0.3443247165421352,6.309999999999994,IGNORE,,,,,,,,,
1f1802a6c2aa4c37bc5b3411b090180b,2026-06-25T16:00:00+00:00,APTUSDT,BEAR,IGNORE,30,0.592,38.61177615793913,1.3730810944719285,0.0122142857142857,IGNORE,,,,,,,,,
0f94e4c6081f4342bbd8a377b8457ec0,2026-06-25T16:00:00+00:00,BTCUSDT,BEAR,IGNORE,25,59762.0,42.97433419136151,0.9198632838854957,750.2450000000006,IGNORE,,,,,,,,,
b1d61e9ad4db417aa42db3b30b97d2a6,2026-06-25T16:00:00+00:00,ARBUSDT,BEAR,IGNORE,25,0.0738,44.10401772212443,0.5520396458060699,0.0012499999999999,IGNORE,,,,,,,,,
9c5e4578755a423aa79a7714b5466207,2026-06-25T16:00:00+00:00,LINKUSDT,BEAR,IGNORE,25,7.246,43.90805540050595,0.4629286291110326,0.1021428571428572,IGNORE,,,,,,,,,
b93285d63f1747c2b4242d1ed608d011,2026-06-25T16:00:00+00:00,XRPUSDT,BEAR,IGNORE,25,1.0407,41.39265012995219,0.4281237682926677,0.0138428571428571,IGNORE,,,,,,,,,
08d8151b071946b5bef6578a18c2b959,2026-06-25T16:00:00+00:00,TRXUSDT,BEAR,IGNORE,15,0.3233,26.770017015928005,0.6313452361718382,0.0009357142857142,IGNORE,,,,,,,,,
57b8da060a5c49ae91658cb6d5d90907,2026-06-25T16:00:00+00:00,AVAXUSDT,BEAR,IGNORE,15,6.144,38.55115045603608,0.450318666606727,0.0947857142857142,IGNORE,,,,,,,,,
7219a34aeb0a4ef093e78764372f6771,2026-06-25T18:00:00+00:00,SEIUSDT,BEAR,IGNORE,70,0.05721,46.90806395924757,0.402767308972603,0.0005764285714285,IGNORE,,,,,,,,,
48e43cb0f65b4eeb93480f2dacb03341,2026-06-25T18:00:00+00:00,ATOMUSDT,BEAR,IGNORE,25,1.609,47.61773231042428,0.823395341221578,0.0125714285714285,IGNORE,,,,,,,,,
7bddff2208304eb7adc085c86bd5dbf1,2026-06-25T18:00:00+00:00,SOLUSDT,BEAR,IGNORE,25,66.56,47.58915758035712,0.7625232279389946,0.6478571428571414,IGNORE,,,,,,,,,
e1271a92abd74438ae169192c6f1846f,2026-06-25T18:00:00+00:00,ADAUSDT,BEAR,IGNORE,25,0.1436,45.36894659233858,0.648824473278427,0.0012142857142857,IGNORE,,,,,,,,,
cbb17bba2f8147648aec70732038b376,2026-06-25T18:00:00+00:00,INJUSDT,BEAR,IGNORE,25,4.197,49.9696588590767,0.644203145298941,0.0586428571428571,IGNORE,,,,,,,,,
31e00db7113145a0b49f2582c34268d7,2026-06-25T18:00:00+00:00,APTUSDT,BEAR,IGNORE,25,0.603,50.09588322903534,0.5969595322455061,0.007,IGNORE,,,,,,,,,
cf7c40f167054592916024f29ccb7be2,2026-06-25T18:00:00+00:00,DOGEUSDT,BEAR,IGNORE,25,0.07415,47.41613994257654,0.5550507951191422,0.0006528571428571,IGNORE,,,,,,,,,
8fbe5498da3a4a1bb079a5d7e084c35f,2026-06-25T18:00:00+00:00,DOTUSDT,BEAR,IGNORE,25,0.86,49.836311309513015,0.5256965894749244,0.0071428571428571,IGNORE,,,,,,,,,
5256f98942f241b5b13336d0e4a010a5,2026-06-25T18:00:00+00:00,ARBUSDT,BEAR,IGNORE,25,0.0734,45.48977811577143,0.4647370034301251,0.0006499999999999,IGNORE,,,,,,,,,
dfcb412a73b347f8bfa7fc592339c4b3,2026-06-25T18:00:00+00:00,NEARUSDT,BEAR,IGNORE,25,1.871,47.61006572763972,0.4646316399996928,0.0192857142857142,IGNORE,,,,,,,,,
29fbb37cd38744d687811d2555f5d01f,2026-06-25T18:00:00+00:00,SUIUSDT,BEAR,IGNORE,25,0.6804,48.09029110333289,0.4508520836883772,0.0064142857142857,IGNORE,,,,,,,,,
b902c226d20e466185602c5fcd378ea2,2026-06-25T18:00:00+00:00,LINKUSDT,BEAR,IGNORE,25,7.234,45.162981290635976,0.420330898416854,0.0532857142857143,IGNORE,,,,,,,,,
32cee2b671d34731a3403c0d0ea1cd2a,2026-06-25T18:00:00+00:00,XRPUSDT,BEAR,IGNORE,25,1.0431,47.51747911684713,0.4033343878432855,0.0076142857142857,IGNORE,,,,,,,,,
a3a0a14bccdb40efbec3f84df87d0b30,2026-06-25T18:00:00+00:00,AVAXUSDT,BEAR,IGNORE,25,6.215,49.24047360700867,0.3960167046398719,0.057142857142857,IGNORE,,,,,,,,,
83608645736b45c88c4fa0f4a3b257d4,2026-06-25T18:00:00+00:00,BTCUSDT,BEAR,IGNORE,25,59718.02,46.88672121972098,0.3112683227338082,371.3428571428568,IGNORE,,,,,,,,,
faecaa21166442e4979c1f8d37de8dea,2026-06-25T18:00:00+00:00,TRXUSDT,BEAR,IGNORE,25,0.3245,45.77621396056976,0.2830776121948024,0.0006071428571428,IGNORE,,,,,,,,,
ede9388f21b946e1bbc37097adae4db9,2026-06-25T18:00:00+00:00,TONUSDT,BEAR,IGNORE,25,1.562,49.22357294448865,0.224634875237543,0.0129285714285714,IGNORE,,,,,,,,,
031ceb36d74646b9a3475e057de2bcba,2026-06-25T18:00:00+00:00,BNBUSDT,BEAR,IGNORE,25,559.26,52.483641167932205,0.2030643692511214,2.924999999999979,IGNORE,,,,,,,,,
6af5331b7e794a3ebc942d9f14a04b89,2026-06-25T18:00:00+00:00,OPUSDT,BEAR,IGNORE,15,0.1023,42.601869960259776,0.8481921516995671,0.0011571428571428,IGNORE,,,,,,,,,
2e9c911e7e5542ccbdcb69ad6831041a,2026-06-25T18:00:00+00:00,ETHUSDT,BEAR,IGNORE,15,1573.52,44.25313960760243,0.3774468695052627,12.27785714285715,IGNORE,,,,,,,,,
0884d3ee578d47b5aeaa5554d64b44a7,2026-06-25T20:00:00+00:00,SEIUSDT,BEAR,IGNORE,60,0.0564,40.10305212877859,0.2210127441287951,0.0004764285714285,IGNORE,,,,,,,,,
1eeb920de20d469f9f11ff8bd5509e91,2026-06-25T20:00:00+00:00,TONUSDT,BEAR,IGNORE,45,1.563,50.333249084153614,2.652548461832781,0.0107142857142857,IGNORE,,,,,,,,,
36cab2c1ef304a97994c23506990822b,2026-06-25T20:00:00+00:00,AVAXUSDT,BEAR,IGNORE,25,6.16,47.58051052766397,0.736358711407368,0.0483571428571428,IGNORE,,,,,,,,,
23df93d303ff42929057fd956b83637e,2026-06-25T20:00:00+00:00,INJUSDT,BEAR,IGNORE,25,4.199,50.248601332259625,0.6434131937142454,0.0455000000000001,IGNORE,,,,,,,,,
e780a18d762444469a5f25f7e8a1ce20,2026-06-25T20:00:00+00:00,BNBUSDT,BEAR,IGNORE,25,555.65,47.78612198135976,0.6027002928175262,2.165714285714273,IGNORE,,,,,,,,,
a199e3424e174384ac28f4ee31573fa3,2026-06-25T20:00:00+00:00,DOGEUSDT,BEAR,IGNORE,25,0.07367,46.18911859764472,0.5062858471674311,0.0005171428571428,IGNORE,,,,,,,,,
de666de5d9ab4b64ad0b1b5bad8852cd,2026-06-25T20:00:00+00:00,SOLUSDT,BEAR,IGNORE,25,66.46,48.84314619554885,0.4807473523061319,0.5078571428571398,IGNORE,,,,,,,,,
89a2a049a24c431182f20fff38bc14ed,2026-06-25T20:00:00+00:00,BTCUSDT,BEAR,IGNORE,25,59522.01,46.64923068121254,0.363408751133597,264.40499999999884,IGNORE,,,,,,,,,
40e90e04da8047c985d201d60148471e,2026-06-25T20:00:00+00:00,APTUSDT,BEAR,IGNORE,25,0.596,46.182478697626905,0.160515164519114,0.0051428571428571,IGNORE,,,,,,,,,
185a4ba34a6546c0ba233a1ae6a99144,2026-06-25T20:00:00+00:00,NEARUSDT,BEAR,IGNORE,20,1.814,34.78008217662436,1.3425434112630046,0.015,IGNORE,,,,,,,,,
5fc2e3e1071646c3b2775c728013e8a3,2026-06-25T20:00:00+00:00,ARBUSDT,BEAR,IGNORE,15,0.0723,40.69667076083503,0.983006827243374,0.0005642857142857,IGNORE,,,,,,,,,
bf698d76ea454746913ef519a711ee1e,2026-06-25T20:00:00+00:00,DOTUSDT,BEAR,IGNORE,15,0.844,41.59275355001562,0.8285118090711414,0.0058571428571428,IGNORE,,,,,,,,,
f6215e2341f44072a49de7834c76afcd,2026-06-25T20:00:00+00:00,XRPUSDT,BEAR,IGNORE,15,1.0333,43.21665684746459,0.5507740992742634,0.0055928571428571,IGNORE,,,,,,,,,
c171b95845c24698852479133379827a,2026-06-25T20:00:00+00:00,SUIUSDT,BEAR,IGNORE,15,0.6741,44.72333883882543,0.4251464407951918,0.0048428571428571,IGNORE,,,,,,,,,
2fbee8c947ab411893bbeae8ea859a7e,2026-06-25T20:00:00+00:00,LINKUSDT,BEAR,IGNORE,15,7.2,44.95089122740631,0.4134349915113977,0.0400714285714285,IGNORE,,,,,,,,,
cc140aab299a43bdabb676560e05f79f,2026-06-25T20:00:00+00:00,ETHUSDT,BEAR,IGNORE,15,1563.39,42.70215299360579,0.37776488658474,8.730714285714287,IGNORE,,,,,,,,,
34c84a06082d48eea87258cb0c3656e1,2026-06-25T20:00:00+00:00,ATOMUSDT,BEAR,IGNORE,15,1.594,44.11190737623534,0.3648297062767561,0.0082857142857142,IGNORE,,,,,,,,,
e68ea3db6a504cec8eb5e506e2df244f,2026-06-25T20:00:00+00:00,OPUSDT,BEAR,IGNORE,15,0.1018,44.28001242924288,0.3055137957052171,0.0010357142857142,IGNORE,,,,,,,,,
13dba8b402fd4da8b6e00111d4675f6f,2026-06-25T20:00:00+00:00,TRXUSDT,BEAR,IGNORE,15,0.324,41.59574934332576,0.1945317499782461,0.0004428571428571,IGNORE,,,,,,,,,
9809b89c3d494f01a7fdcbd5d1089981,2026-06-25T20:00:00+00:00,ADAUSDT,BEAR,IGNORE,5,0.1416,39.661383830539215,0.4250323720104282,0.0008857142857142,IGNORE,,,,,,,,,
2560652b42d64b93a47454fbcbb7ae41,2026-06-25T22:00:00+00:00,SEIUSDT,BEAR,IGNORE,70,0.05694,49.8287737993791,0.4563074924550558,0.0003928571428571,IGNORE,,,,,,,,,
be8bdcea36ff40d7aee99080633db0db,2026-06-25T22:00:00+00:00,ATOMUSDT,BEAR,IGNORE,45,1.606,53.24609442949745,2.051878565854478,0.0073571428571428,IGNORE,,,,,,,,,
6ba62240f40f418fadbc9a7827ecd88e,2026-06-25T22:00:00+00:00,BNBUSDT,BEAR,IGNORE,40,560.08,57.06947816683404,1.4711506848024571,1.8635714285714229,IGNORE,,,,,,,,,
abfc53c77d8345629ed0feb6bcbbbefa,2026-06-25T22:00:00+00:00,ETHUSDT,BEAR,IGNORE,40,1570.08,48.27819016245679,1.349237199594934,7.844999999999994,IGNORE,,,,,,,,,
68ccc4fd030f49249fbc1e09c5a0cdfb,2026-06-25T22:00:00+00:00,DOGEUSDT,BEAR,IGNORE,40,0.07473,57.10789049895739,1.2833557963144493,0.0003864285714285,IGNORE,,,,,,,,,
303e3a08223c4b99b9ded37bb5c457d7,2026-06-25T22:00:00+00:00,XRPUSDT,BEAR,IGNORE,35,1.0406,50.93440216828709,1.0968220051732074,0.0044357142857142,IGNORE,,,,,,,,,
1200da7b8d274754b96853375ab138e8,2026-06-25T22:00:00+00:00,ADAUSDT,BEAR,IGNORE,35,0.1435,53.24057163268703,1.02442650191811,0.0007857142857142,IGNORE,,,,,,,,,
db86daec85e044f3bb0033125dc7e42b,2026-06-25T22:00:00+00:00,LINKUSDT,BEAR,IGNORE,35,7.245,51.39417723946558,1.014344043494989,0.0324285714285714,IGNORE,,,,,,,,,
78c537a79fd24862979cd183d13355c9,2026-06-25T22:00:00+00:00,SUIUSDT,BEAR,IGNORE,25,0.68,52.41582085997258,0.887300121635876,0.0037642857142857,IGNORE,,,,,,,,,
f5071e813a5345138d39cc3cc87975ed,2026-06-25T22:00:00+00:00,SOLUSDT,BEAR,IGNORE,25,66.95,53.56791989420375,0.8526971336040262,0.3864285714285702,IGNORE,,,,,,,,,
7a78a8fe73014015a890c80fa2816e74,2026-06-25T22:00:00+00:00,BTCUSDT,BEAR,IGNORE,25,59887.06,53.1390071400117,0.8484083741137252,242.2885714285705,IGNORE,,,,,,,,,
de3033d2c01d4a5b8b2e4a8029e91c41,2026-06-25T22:00:00+00:00,TONUSDT,BEAR,IGNORE,25,1.568,53.700043674283975,0.8357928052149861,0.0104285714285714,IGNORE,,,,,,,,,
45c16e87300d47db897ef5f713e16589,2026-06-25T22:00:00+00:00,TRXUSDT,BEAR,IGNORE,25,0.3241,45.2598030543643,0.7345203974562733,0.0003857142857142,IGNORE,,,,,,,,,
6d6b4199921241d3a4ca7eb829a300df,2026-06-25T22:00:00+00:00,AVAXUSDT,BEAR,IGNORE,25,6.21,53.093498838039565,0.6807401259708356,0.0409999999999999,IGNORE,,,,,,,,,
c8c6b7f9b09d4d24851c741708dd49a0,2026-06-25T22:00:00+00:00,APTUSDT,BEAR,IGNORE,25,0.599,49.457718638922266,0.6660184461541483,0.0043571428571428,IGNORE,,,,,,,,,
5ea07abddc984e028d7c3c885066cd5a,2026-06-25T22:00:00+00:00,DOTUSDT,BEAR,IGNORE,25,0.848,47.151320550992665,0.5993657604274382,0.0049285714285714,IGNORE,,,,,,,,,
2c1b04dee93047f690699a7fe1f2a6d2,2026-06-25T22:00:00+00:00,ARBUSDT,BEAR,IGNORE,25,0.0733,51.67437339093284,0.5889129915254574,0.0004928571428571,IGNORE,,,,,,,,,
6f6a2a0f8d1a498a8981849d1d364942,2026-06-25T22:00:00+00:00,INJUSDT,BEAR,IGNORE,25,4.263,59.27639515813888,0.5259304345148867,0.0384285714285714,IGNORE,,,,,,,,,
b1c3977c886c41a38f27afd3478ccaf9,2026-06-25T22:00:00+00:00,NEARUSDT,BEAR,IGNORE,15,1.819,40.006063778880616,0.9482388845162936,0.0138571428571429,IGNORE,,,,,,,,,
f8075de222534a19824c61b4e40c4dc1,2026-06-25T22:00:00+00:00,OPUSDT,BEAR,IGNORE,10,0.1054,64.49796397609492,0.7074735582464324,0.0010642857142857,IGNORE,,,,,,,,,
a432db8971b046b492e6476ee84af987,2026-06-25T23:00:00+00:00,SEIUSDT,BEAR,IGNORE,70,0.05701,52.26237404055269,0.5047689910725267,0.0003271428571428,IGNORE,,,,,,,,,
948c5a76ff7a4e199c7377469d4f303b,2026-06-25T23:00:00+00:00,NEARUSDT,BEAR,IGNORE,55,1.84,51.60852126134254,3.7175116973153135,0.0171428571428571,IGNORE,,,,,,,,,
ec0a2d380dd94f7d9897910ad15b0df7,2026-06-25T23:00:00+00:00,APTUSDT,BEAR,IGNORE,40,0.596,47.01914803479079,1.2802220956297845,0.0037857142857142,IGNORE,,,,,,,,,
72558565fcb44b0e8c7fbd3d7654f820,2026-06-25T23:00:00+00:00,LINKUSDT,BEAR,IGNORE,40,7.266,53.99576163524697,1.2100813119046925,0.0292142857142855,IGNORE,,,,,,,,,
664a432ec51f4dfe8b7d7aa92142a2f3,2026-06-25T23:00:00+00:00,XRPUSDT,BEAR,IGNORE,35,1.0456,56.24177464308698,1.0780212277010188,0.0043928571428571,IGNORE,,,,,,,,,
a70077fb15dc47568df9ea955567d148,2026-06-25T23:00:00+00:00,ADAUSDT,BEAR,IGNORE,35,0.144,56.388048895093526,1.041442765380369,0.0006857142857142,IGNORE,,,,,,,,,
e713f231fb0e4c32818eaaa8bb361abb,2026-06-25T23:00:00+00:00,SOLUSDT,BEAR,IGNORE,30,67.95,61.62945013579415,2.619892790658097,0.4549999999999993,IGNORE,,,,,,,,,
77a11d0b50634feaab99799e7020607c,2026-06-25T23:00:00+00:00,TRXUSDT,BEAR,IGNORE,25,0.3239,42.74064639052465,1.0155347444719849,0.0003428571428571,IGNORE,,,,,,,,,
ce9b278d860a4b7faf1b0f1c944703ee,2026-06-25T23:00:00+00:00,DOTUSDT,BEAR,IGNORE,25,0.845,45.33959390452402,0.8305285611664367,0.0044285714285714,IGNORE,,,,,,,,,
d88cae9462864f48a0a73d6fc9b81006,2026-06-25T23:00:00+00:00,ETHUSDT,BEAR,IGNORE,25,1572.31,49.82530132930207,0.7953423019440716,7.227857142857147,IGNORE,,,,,,,,,
f5d176c9f2704b929e66eeb7601ece1c,2026-06-25T23:00:00+00:00,AVAXUSDT,BEAR,IGNORE,25,6.245,57.40419751255766,0.7902421833793242,0.0342857142857143,IGNORE,,,,,,,,,
4075d1766af045419613bb458416148b,2026-06-25T23:00:00+00:00,ATOMUSDT,BEAR,IGNORE,25,1.612,57.49206158832964,0.7583400956861661,0.0063571428571429,IGNORE,,,,,,,,,
49f45ebf9c4345aa8c569636960c9d84,2026-06-25T23:00:00+00:00,DOGEUSDT,BEAR,IGNORE,25,0.07497,58.96380195017228,0.6943426149312414,0.0003414285714285,IGNORE,,,,,,,,,
2a99c0a28a074c6788252181c572e6df,2026-06-25T23:00:00+00:00,SUIUSDT,BEAR,IGNORE,25,0.6841,58.549889079651,0.6265592584627515,0.0033499999999999,IGNORE,,,,,,,,,
4511d53702a9443093d28d40eed7242a,2026-06-25T23:00:00+00:00,BTCUSDT,BEAR,IGNORE,25,59986.0,54.61633257010224,0.5655153922878483,221.63857142857108,IGNORE,,,,,,,,,
24f515ef1dec4abe82adf7961e35b80d,2026-06-25T23:00:00+00:00,ARBUSDT,BEAR,IGNORE,25,0.0735,54.34094674356484,0.5128198228490775,0.0004428571428571,IGNORE,,,,,,,,,
e9c2ac7d8bd2448bb169f2f8e79c2907,2026-06-25T23:00:00+00:00,TONUSDT,BEAR,IGNORE,25,1.566,51.13282203293877,0.4291954274425288,0.0077142857142857,IGNORE,,,,,,,,,
0256dcc7a50142a1a2e0dfbc6ad15688,2026-06-25T23:00:00+00:00,BNBUSDT,BEAR,IGNORE,20,562.12,61.58505689209119,1.080701813762767,1.7350000000000054,IGNORE,,,,,,,,,
9faf3fc6ea034bc096d6857880050d1c,2026-06-25T23:00:00+00:00,OPUSDT,BEAR,IGNORE,10,0.106,64.10188922259482,0.5906562496145775,0.0009714285714285,IGNORE,,,,,,,,,
7934839c53214ff19d4fa547f4ea274e,2026-06-25T23:00:00+00:00,INJUSDT,BEAR,IGNORE,10,4.28,60.13804120437101,0.5072757940394459,0.0348571428571428,IGNORE,,,,,,,,,
2c66126c2e3c4244af8dddf7d53a8d23,2026-06-26T02:00:00+00:00,SEIUSDT,BEAR,IGNORE,60,0.05439,26.999382144763103,0.450318678165051,0.0005099999999999,IGNORE,,,,,,,,,
a770bfcc3cb34fb9992a8d50cade3ebd,2026-06-26T02:00:00+00:00,INJUSDT,BEAR,IGNORE,50,4.27,50.75590604300797,1.3136280359854822,0.0492142857142857,IGNORE,,,,,,,,,
ce3a7c5abdfd4a79a154b386437e3df2,2026-06-26T02:00:00+00:00,BNBUSDT,BEAR,IGNORE,45,554.5,40.43413226160755,1.6772862352354287,2.8542857142857168,IGNORE,,,,,,,,,
11f76e415c0c4413ba41e733afb9953d,2026-06-26T02:00:00+00:00,SOLUSDT,BEAR,IGNORE,45,66.62,43.62322275043376,1.5717590755541944,0.5821428571428565,IGNORE,,,,,,,,,
e347364717c041a4925df27f6ab6bba6,2026-06-26T02:00:00+00:00,OPUSDT,BEAR,IGNORE,40,0.1024,40.04983587298955,1.34822001650022,0.0010928571428571,IGNORE,,,,,,,,,
e14769d365344353a63ac796cc5c73d7,2026-06-26T02:00:00+00:00,ATOMUSDT,BEAR,IGNORE,40,1.596,44.59176984453411,1.259874888498794,0.0086428571428571,IGNORE,,,,,,,,,
392a082228454823b69538dbf407f805,2026-06-26T02:00:00+00:00,ARBUSDT,BEAR,IGNORE,35,0.0715,36.51329588844354,3.2732464477833147,0.0005071428571428,IGNORE,,,,,,,,,
114d4116e24b4515bc131b4b9926ed91,2026-06-26T02:00:00+00:00,XRPUSDT,BEAR,IGNORE,35,1.0189,31.31730029279817,3.1089089048743244,0.0057285714285714,IGNORE,,,,,,,,,
d881311a71c24c1a9bc9bb1366ae2072,2026-06-26T02:00:00+00:00,BTCUSDT,BEAR,IGNORE,35,58817.88,34.38172792760625,2.305109849491754,294.6007142857156,IGNORE,,,,,,,,,
a9dd0d23df1d48339c3eb4167e40012b,2026-06-26T02:00:00+00:00,LINKUSDT,BEAR,IGNORE,35,7.094,34.01424410829246,1.7839183411429616,0.0434285714285714,IGNORE,,,,,,,,,
20078dec15c849818e208e4e6fd70fc3,2026-06-26T02:00:00+00:00,ETHUSDT,BEAR,IGNORE,35,1535.91,34.77772153999075,1.6662492224868726,10.244999999999989,IGNORE,,,,,,,,,
45f2c0d3d5734867b282d3a682141805,2026-06-26T02:00:00+00:00,DOGEUSDT,BEAR,IGNORE,30,0.07316,37.48112162372506,1.3487274026177318,0.0004392857142857,IGNORE,,,,,,,,,
40c2f1eeeba547508038ec8670da0e34,2026-06-26T02:00:00+00:00,SUIUSDT,BEAR,IGNORE,30,0.6676,38.3626517585728,1.2941429254282193,0.0047714285714285,IGNORE,,,,,,,,,
70b06c2540a9435ca13fad2c27f3b7df,2026-06-26T02:00:00+00:00,DOTUSDT,BEAR,IGNORE,30,0.815,29.606665763122024,1.231957023711186,0.0061428571428571,IGNORE,,,,,,,,,
01945469943f46ae80acb68068782bce,2026-06-26T02:00:00+00:00,AVAXUSDT,BEAR,IGNORE,25,6.029,30.69389417673973,1.098162029199541,0.0408571428571428,IGNORE,,,,,,,,,
8fb5c6b9d7614a9fbaa3f936d935ee90,2026-06-26T02:00:00+00:00,TRXUSDT,BEAR,IGNORE,15,0.3224,25.881305776112782,0.967668509049685,0.0003857142857142,IGNORE,,,,,,,,,
572ab75b0df94f6a97a02ebc1d74d8f1,2026-06-26T02:00:00+00:00,ADAUSDT,BEAR,IGNORE,15,0.1405,35.738708358176964,0.8008613550403954,0.0009571428571428,IGNORE,,,,,,,,,
e8e0b08e0ecb4573ae5af73bc7d90b53,2026-06-26T02:00:00+00:00,TONUSDT,BEAR,IGNORE,15,1.551,37.57415757511902,0.7682290675680588,0.0083571428571428,IGNORE,,,,,,,,,
2f24ea415eef42fda64536bed153807a,2026-06-26T02:00:00+00:00,NEARUSDT,BEAR,IGNORE,15,1.785,36.40877917922569,0.7163331667452026,0.0172857142857142,IGNORE,,,,,,,,,
60b958bc03e34003aa43e2c736928d8b,2026-06-26T02:00:00+00:00,APTUSDT,BEAR,IGNORE,15,0.577,32.763688390503944,0.6162660226792266,0.0046428571428571,IGNORE,,,,,,,,,
a2b756b9727a4859aaf2c6008000a201,2026-06-26T06:00:00+00:00,TRXUSDT,BEAR,IGNORE,45,0.3226,50.338307382535625,1.187665496145203,0.0004499999999999,IGNORE,,,,,,,,,
4295ec844ffb4f3a81d5b53c9dfbe5f0,2026-06-26T06:00:00+00:00,TONUSDT,BEAR,IGNORE,40,1.58,63.82889830881324,2.486604171951589,0.0100714285714285,IGNORE,,,,,,,,,
593cc498bc624a7d816c20c93bd172a0,2026-06-26T06:00:00+00:00,INJUSDT,BEAR,IGNORE,30,4.501,69.2903756752407,2.553328394778057,0.0536428571428571,IGNORE,,,,,,,,,
e6a8f016fb524f9ca6792feae720176a,2026-06-26T06:00:00+00:00,NEARUSDT,BEAR,IGNORE,30,1.856,64.08301678142406,2.2509609466828784,0.0164285714285714,IGNORE,,,,,,,,,
c49b320bf3694135ae13c35871e6d0fa,2026-06-26T06:00:00+00:00,AVAXUSDT,BEAR,IGNORE,30,6.24,64.2643080550033,1.9745373210288824,0.0457142857142856,IGNORE,,,,,,,,,
c32e07276e7e44d3bbe4949625bcadd6,2026-06-26T06:00:00+00:00,DOGEUSDT,BEAR,IGNORE,30,0.07513,61.52610858609151,1.8031268125366104,0.0004871428571428,IGNORE,,,,,,,,,
17193e64fce248128b50a74af06a6bfe,2026-06-26T06:00:00+00:00,ADAUSDT,BEAR,IGNORE,30,0.1451,66.08133037748328,1.574199928934208,0.0010571428571428,IGNORE,,,,,,,,,
b38fbd012e6447dfaafe833ac37af428,2026-06-26T06:00:00+00:00,SOLUSDT,BEAR,IGNORE,25,69.77,71.57924260232862,1.6627778332057634,0.5121428571428572,IGNORE,,,,,,,,,
336e8aa42d83450a937376728fdb1e04,2026-06-26T06:00:00+00:00,OPUSDT,BEAR,IGNORE,25,0.107,64.59649452989974,1.4783721896142847,0.0011142857142857,IGNORE,,,,,,,,,
c3f6e19c8de64ae4a31921c32f512b18,2026-06-26T06:00:00+00:00,SUIUSDT,BEAR,IGNORE,25,0.6926,68.23954873091736,1.3294411126938197,0.0048785714285714,IGNORE,,,,,,,,,
c48c090709b64dc18acc182ec902fb5e,2026-06-26T06:00:00+00:00,DOTUSDT,BEAR,IGNORE,25,0.839,56.78572518899431,0.77733217421351,0.0059285714285714,IGNORE,,,,,,,,,
6926036c45b14e6f871d0587454123f8,2026-06-26T06:00:00+00:00,ATOMUSDT,BEAR,IGNORE,25,1.623,54.53360276988484,0.304884119827694,0.0126428571428571,IGNORE,,,,,,,,,
60d867b6a2ae46d3a6e040d028917ed8,2026-06-26T06:00:00+00:00,BNBUSDT,BEAR,IGNORE,20,564.36,61.74210388703774,1.087700615071286,2.358571428571435,IGNORE,,,,,,,,,
eb2157c9832c43f3829179f3b46559fe,2026-06-26T06:00:00+00:00,APTUSDT,BEAR,IGNORE,20,0.601,63.88523725736452,1.076680466280481,0.0048571428571428,IGNORE,,,,,,,,,
ae5ae7fe1cb64e9f9a7dedc13422b32c,2026-06-26T06:00:00+00:00,BTCUSDT,BEAR,IGNORE,10,60390.93,63.50779443716408,0.8562259118268598,310.9492857142847,IGNORE,,,,,,,,,
e8f704ad39954bb18beaac3488d8a244,2026-06-26T06:00:00+00:00,ETHUSDT,BEAR,IGNORE,10,1572.48,60.321823626014535,0.8479394866393652,9.874285714285731,IGNORE,,,,,,,,,
bb28a14968a049f28e637436c87c231f,2026-06-26T06:00:00+00:00,XRPUSDT,BEAR,IGNORE,10,1.0446,63.49049657530386,0.7507101682601999,0.0055642857142857,IGNORE,,,,,,,,,
6d75a16600794a7e8b5816705c88d9ed,2026-06-26T06:00:00+00:00,LINKUSDT,BEAR,IGNORE,10,7.275,61.5376207216872,0.621980268023552,0.042357142857143,IGNORE,,,,,,,,,
a69ce23445ad4cd0a35ca556d1a3a640,2026-06-26T06:00:00+00:00,ARBUSDT,BEAR,IGNORE,10,0.0738,61.91877219579362,0.5239996983594367,0.0005785714285714,IGNORE,,,,,,,,,
0110e5f4dec04e4ba2bc2ba8d068af08,2026-06-26T06:00:00+00:00,SEIUSDT,BEAR,IGNORE,5,0.0541,37.46610525635882,0.4217650226046907,0.0004535714285714,IGNORE,,,,,,,,,
35c17458a862414e98aba0300893195f,2026-06-26T10:00:00+00:00,BNBUSDT,BEAR,IGNORE,45,564.76,50.70293409799235,1.5309550999211927,2.2214285714285893,IGNORE,,,,,,,,,
cc032c888c6f4946be51ee50ce97cb7c,2026-06-26T10:00:00+00:00,ADAUSDT,BEAR,IGNORE,40,0.1441,49.49551794117584,1.4085007671307497,0.0009214285714285,IGNORE,,,,,,,,,
036a11d99ae741a39cce74b90f3f4cd1,2026-06-26T10:00:00+00:00,ATOMUSDT,BEAR,IGNORE,35,1.606,42.05234607863315,2.5699272515616225,0.0056428571428571,IGNORE,,,,,,,,,
824be4fc61e94316b8f0c712ae5374ce,2026-06-26T10:00:00+00:00,OPUSDT,BEAR,IGNORE,35,0.1045,41.79607855007322,0.3403017790668929,0.0009071428571428,IGNORE,,,,,,,,,
e6d8b6ad9adb47cf96b3739443a8762e,2026-06-26T10:00:00+00:00,SUIUSDT,BEAR,IGNORE,25,0.6754,37.52228902991657,1.5979650733046786,0.0044214285714285,IGNORE,,,,,,,,,
99501be60c0f466c8b30aaab0d9eefca,2026-06-26T10:00:00+00:00,LINKUSDT,BEAR,IGNORE,25,7.186,40.544915821015096,1.1236190481827515,0.0306428571428571,IGNORE,,,,,,,,,
e4029d73430d47d2a4d98c273d7fb1f0,2026-06-26T10:00:00+00:00,INJUSDT,BEAR,IGNORE,25,4.48,54.176253952836944,0.8505587984555355,0.0471428571428571,IGNORE,,,,,,,,,
c432089755524ad58b49fef456f75e75,2026-06-26T10:00:00+00:00,SOLUSDT,BEAR,IGNORE,25,69.07,48.77402384780243,0.3434898741220702,0.4650000000000013,IGNORE,,,,,,,,,
3bd89c2dbab64d199e6e407c14987be8,2026-06-26T10:00:00+00:00,DOTUSDT,BEAR,IGNORE,15,0.832,44.36848046678985,0.9451378991769832,0.0047142857142857,IGNORE,,,,,,,,,
9e445defd0554a24ace23deb109eb903,2026-06-26T10:00:00+00:00,BTCUSDT,BEAR,IGNORE,15,59752.0,41.94416714861808,0.8177832525935058,213.32500000000024,IGNORE,,,,,,,,,
26f5b58566914adc9974a257d00a3e28,2026-06-26T10:00:00+00:00,TRXUSDT,BEAR,IGNORE,15,0.3222,41.932738393575846,0.6548585037765121,0.0003285714285714,IGNORE,,,,,,,,,
ef40fd08a691464ea21f0e1f4ebcc5e2,2026-06-26T10:00:00+00:00,NEARUSDT,BEAR,IGNORE,15,1.803,40.24583049152151,0.6118826202809518,0.0126428571428571,IGNORE,,,,,,,,,
4fa1ba617e9942e192c863671ae6d662,2026-06-26T10:00:00+00:00,APTUSDT,BEAR,IGNORE,15,0.59,42.28570084599006,0.592934422862377,0.0029285714285714,IGNORE,,,,,,,,,
176ae84fa77641f69e8dd4aa0d8b7414,2026-06-26T10:00:00+00:00,XRPUSDT,BEAR,IGNORE,15,1.0331,43.68492502572664,0.5695724574440892,0.0042928571428571,IGNORE,,,,,,,,,
9c0b11eb482142e48d89d79be77e3804,2026-06-26T10:00:00+00:00,ETHUSDT,BEAR,IGNORE,15,1552.89,41.15068939494618,0.5428134675141577,7.0399999999999965,IGNORE,,,,,,,,,
c3beff08c8f24b83a81d849256073a23,2026-06-26T10:00:00+00:00,AVAXUSDT,BEAR,IGNORE,15,6.159,43.187722443580704,0.5116105491094758,0.0398571428571427,IGNORE,,,,,,,,,
746c39946612434b8289d962d93b2a41,2026-06-26T10:00:00+00:00,DOGEUSDT,BEAR,IGNORE,15,0.07404,42.4000597051901,0.2710810319671815,0.0003514285714285,IGNORE,,,,,,,,,
404eedb3c0c84886982a5fcb146ca726,2026-06-26T10:00:00+00:00,SEIUSDT,BEAR,IGNORE,5,0.05287,29.13994857592442,0.6470315222179815,0.0003335714285714,IGNORE,,,,,,,,,
46501b2583754171a12d68dace0967dc,2026-06-26T10:00:00+00:00,TONUSDT,BEAR,IGNORE,5,1.557,36.51470344222254,0.5326837134137477,0.0086428571428571,IGNORE,,,,,,,,,
e2e9891eb6a44460ab97d3f489c0328d,2026-06-26T10:00:00+00:00,ARBUSDT,BEAR,IGNORE,5,0.0721,37.016702801628,0.1791985997176962,0.0004214285714285,IGNORE,,,,,,,,,
610b4fa417814171be0a8ad1550a9378,2026-06-26T12:00:00+00:00,LINKUSDT,BEAR,IGNORE,45,7.199,49.19572642609602,1.5719550586212303,0.0309285714285714,IGNORE,,,,,,,,,
c88679cd83b2472a932d49c66294ef17,2026-06-26T12:00:00+00:00,XRPUSDT,BEAR,IGNORE,45,1.0295,45.93779999579214,1.5459671197015197,0.0040642857142857,IGNORE,,,,,,,,,
17266fd6765249d8a679a871546d830d,2026-06-26T12:00:00+00:00,DOTUSDT,BEAR,IGNORE,45,0.838,56.269794228604006,1.0568626448327445,0.005,IGNORE,,,,,,,,,
d3603cc1ce084b7cabcef1f8620d3ecb,2026-06-26T12:00:00+00:00,BTCUSDT,BEAR,IGNORE,35,59726.0,48.63066449383046,1.1607206862221404,221.63071428571337,IGNORE,,,,,,,,,
b4dea57776e6484185fc5796c224259d,2026-06-26T12:00:00+00:00,ADAUSDT,BEAR,IGNORE,35,0.1443,52.97811380376028,1.0971463118700475,0.0007714285714285,IGNORE,,,,,,,,,
83c14e3f0d544f7eb93508cf16d9e860,2026-06-26T12:00:00+00:00,INJUSDT,BEAR,IGNORE,35,4.53,57.63515524212151,0.6746081601163663,0.0495,IGNORE,,,,,,,,,
4062c6fe6d494c49ac792f60340f1133,2026-06-26T12:00:00+00:00,TRXUSDT,BEAR,IGNORE,25,0.3218,36.36046831978588,4.641194224120288,0.0002642857142857,IGNORE,,,,,,,,,
0ee42cf483b140f4aefb7b20e633dc91,2026-06-26T12:00:00+00:00,SOLUSDT,BEAR,IGNORE,25,69.27,54.78663104319119,0.9865294020294052,0.3721428571428587,IGNORE,,,,,,,,,
7ce3ececff7d4aab97c14cb7d01fa764,2026-06-26T12:00:00+00:00,AVAXUSDT,BEAR,IGNORE,25,6.157,46.54201975475263,0.8082069929877167,0.0314999999999998,IGNORE,,,,,,,,,
1b2cf708da5a49d18089e5f4a0589a91,2026-06-26T12:00:00+00:00,DOGEUSDT,BEAR,IGNORE,25,0.0739,46.34844780118937,0.5496366545037847,0.0003007142857142,IGNORE,,,,,,,,,
b8a2c1aa1a464d88af10c04e960a2f63,2026-06-26T12:00:00+00:00,ETHUSDT,BEAR,IGNORE,25,1551.8,45.60526995691637,0.517674225803097,6.841428571428602,IGNORE,,,,,,,,,
f08de900492244488e5902f32f4ce242,2026-06-26T12:00:00+00:00,SUIUSDT,BEAR,IGNORE,25,0.6806,48.57720339432922,0.3904426461540375,0.0042285714285714,IGNORE,,,,,,,,,
f5c77afb91c04656af4aeadd37740f11,2026-06-26T12:00:00+00:00,BNBUSDT,BEAR,IGNORE,20,559.47,37.04779513248086,1.2193616851035796,2.1450000000000062,IGNORE,,,,,,,,,
19aaf6ffba494a719c635f81e74a6d15,2026-06-26T12:00:00+00:00,OPUSDT,BEAR,IGNORE,15,0.1033,38.96872717040544,1.1306941979733118,0.0007071428571428,IGNORE,,,,,,,,,
5642f7aeb60e4f47ba80ca397d51713e,2026-06-26T12:00:00+00:00,ARBUSDT,BEAR,IGNORE,15,0.072,43.48142081702668,0.8394174662071904,0.0004,IGNORE,,,,,,,,,
06acdd2f25ae4f2a936339d063944ffb,2026-06-26T12:00:00+00:00,TONUSDT,BEAR,IGNORE,15,1.547,37.92140104493454,0.7323923019581001,0.0089999999999999,IGNORE,,,,,,,,,
095e2d101f004a308c276764cbdbc46b,2026-06-26T12:00:00+00:00,APTUSDT,BEAR,IGNORE,15,0.588,44.37986074055705,0.6402228689145485,0.003,IGNORE,,,,,,,,,
f28c988903214d39844c53d1debc1115,2026-06-26T12:00:00+00:00,ATOMUSDT,BEAR,IGNORE,15,1.601,42.29041239363296,0.5442024861917517,0.0056428571428571,IGNORE,,,,,,,,,
a2716f6c14f3476797784d4ce1eba379,2026-06-26T12:00:00+00:00,NEARUSDT,BEAR,IGNORE,15,1.797,42.773199629576645,0.3321938453506003,0.0120714285714285,IGNORE,,,,,,,,,
e820ebfe5a7a4d2e979c3ba907eb8f4a,2026-06-26T12:00:00+00:00,SEIUSDT,BEAR,IGNORE,5,0.05207,25.48572597627488,0.6238583721239436,0.0002957142857142,IGNORE,,,,,,,,,
f15a5de9e8f746779f1380682120f9c1,2026-06-26T15:00:00+00:00,OPUSDT,BEAR,IGNORE,55,0.1055,55.578242641754144,0.5209125384048539,0.0012,IGNORE,,,,,,,,,
4c9678b9bfa74158b7e1fc53506dc357,2026-06-26T15:00:00+00:00,ADAUSDT,BEAR,IGNORE,45,0.1448,54.09926560603669,1.132107942276765,0.0015285714285714,IGNORE,,,,,,,,,
e813ca7c09e24547ae98562b423e1ac5,2026-06-26T15:00:00+00:00,SUIUSDT,BEAR,IGNORE,45,0.6841,52.66037034915614,1.049762308540832,0.0069071428571428,IGNORE,,,,,,,,,
094080be12da4d6cb6b6136d9d130846,2026-06-26T15:00:00+00:00,LINKUSDT,BEAR,IGNORE,45,7.257,56.96983892068408,1.0286835236440668,0.0710714285714284,IGNORE,,,,,,,,,
86cfa9f8ef24400c995428c17ff8e57c,2026-06-26T15:00:00+00:00,ETHUSDT,BEAR,IGNORE,35,1567.18,57.57906005483007,0.96141805077059,15.911428571428589,IGNORE,,,,,,,,,
d5a60dca61a949f296f7ba90be047700,2026-06-26T15:00:00+00:00,ARBUSDT,BEAR,IGNORE,35,0.0727,54.85791824255498,0.8512985228315515,0.0007785714285714,IGNORE,,,,,,,,,
43d50e2bfe07465e80acc3f5c25022bd,2026-06-26T15:00:00+00:00,XRPUSDT,BEAR,IGNORE,35,1.0381,56.044089492342174,0.7678978249393839,0.0093214285714285,IGNORE,,,,,,,,,
3e8aca3c499040b096ba5b7eda3d46a0,2026-06-26T15:00:00+00:00,BTCUSDT,BEAR,IGNORE,35,59834.01,52.82864035962725,0.7464614907372251,515.5292857142844,IGNORE,,,,,,,,,
13ffe334a390430b84bda8312dfe6bff,2026-06-26T15:00:00+00:00,ATOMUSDT,BEAR,IGNORE,35,1.601,47.51494914429942,0.7269648068881535,0.0122142857142857,IGNORE,,,,,,,,,
e3eeb8c017cd493c9f7d58a773dbf0e3,2026-06-26T15:00:00+00:00,APTUSDT,BEAR,IGNORE,35,0.592,53.15448422161085,0.6644117272790815,0.0067142857142857,IGNORE,,,,,,,,,
a4443313076e44338832ce2383a49ccc,2026-06-26T15:00:00+00:00,AVAXUSDT,BEAR,IGNORE,35,6.242,58.384207584220135,0.6245443035162775,0.0667857142857142,IGNORE,,,,,,,,,
6d9f4d982e114378bcfebe18bdf69f91,2026-06-26T15:00:00+00:00,BNBUSDT,BEAR,IGNORE,35,561.3,49.741459378065805,0.5846701296615799,4.121428571428575,IGNORE,,,,,,,,,
0c262969624048b38581c9dfd78ec5bf,2026-06-26T15:00:00+00:00,DOGEUSDT,BEAR,IGNORE,35,0.07412,51.41177836248065,0.512982893985,0.0006671428571428,IGNORE,,,,,,,,,
7b3faa18e269422c8a1f07ad5af1a198,2026-06-26T15:00:00+00:00,DOTUSDT,BEAR,IGNORE,35,0.846,57.95575063389681,0.408170173057474,0.0095,IGNORE,,,,,,,,,
20cb59cb82684ea69597b2872f0ce48e,2026-06-26T15:00:00+00:00,SEIUSDT,BEAR,IGNORE,35,0.05293,51.43794446527496,0.3551323944979802,0.0004928571428571,IGNORE,,,,,,,,,
7e748bcaea2a4661b096b7ebdb853345,2026-06-26T15:00:00+00:00,TONUSDT,BEAR,IGNORE,35,1.554,47.659663232013365,0.3146542671593921,0.0126428571428571,IGNORE,,,,,,,,,
bf19d8e61cf245a3b0d6b21dd117d5be,2026-06-26T15:00:00+00:00,NEARUSDT,BEAR,IGNORE,25,1.785,44.88757882399588,0.5920372006510114,0.0204285714285714,IGNORE,,,,,,,,,
7959aa3312644bde8e28e65a0c513a39,2026-06-26T15:00:00+00:00,SOLUSDT,BEAR,IGNORE,20,70.82,61.28222951996257,0.9731645932095156,0.8914285714285727,IGNORE,,,,,,,,,
9e1152f2b26a404f9a6e3ba36988f49f,2026-06-26T15:00:00+00:00,INJUSDT,BEAR,IGNORE,20,4.606,61.499785564135024,0.9303781089396193,0.054,IGNORE,,,,,,,,,
fc7fe46670c3456c99b4b7b239a8b687,2026-06-26T15:00:00+00:00,TRXUSDT,BEAR,IGNORE,15,0.3193,30.52249696509783,0.6742570963802397,0.0006642857142857,IGNORE,,,,,,,,,
db4ae2a73fff4c928cea8409b444113d,2026-06-26T17:00:00+00:00,OPUSDT,BEAR,IGNORE,75,0.1059,55.31306317905133,1.572936889779558,0.0011857142857142,IGNORE,,,,,,,,,
68573d612b734852a5eb1051a0bf8180,2026-06-26T17:00:00+00:00,ATOMUSDT,BEAR,IGNORE,45,1.602,49.54247193784295,1.005959434943711,0.0108571428571428,IGNORE,,,,,,,,,
91a61c3451ea4d8fa8bb89abb2021a83,2026-06-26T17:00:00+00:00,APTUSDT,BEAR,IGNORE,40,0.611,69.03743491464022,2.419795444697565,0.0069285714285714,IGNORE,,,,,,,,,
09766c1abe4048eca23e0a16c83fd4cb,2026-06-26T17:00:00+00:00,INJUSDT,BEAR,IGNORE,35,4.819,77.75749923196429,1.768095755050921,0.0656428571428571,IGNORE,,,,,,,,,
2f281a240add45329626642935e24763,2026-06-26T17:00:00+00:00,NEARUSDT,BEAR,IGNORE,35,1.812,54.29755182518766,0.788104664210744,0.0226428571428571,IGNORE,,,,,,,,,
b84a8630ee2c4e7fab9ca2c4cc4bd286,2026-06-26T17:00:00+00:00,SEIUSDT,BEAR,IGNORE,35,0.05287,48.93273900221788,0.5143108112192027,0.0004699999999999,IGNORE,,,,,,,,,
020d33a7d1dd4174b9bbefb9c00abc2d,2026-06-26T17:00:00+00:00,BTCUSDT,BEAR,IGNORE,35,60211.99,56.78187403672408,0.3736902397161482,438.60928571428616,IGNORE,,,,,,,,,
f8477894b3c14a58b2231c0dc27c8c7b,2026-06-26T17:00:00+00:00,AVAXUSDT,BEAR,IGNORE,25,6.451,71.09726560812693,1.102458357567205,0.0757142857142856,IGNORE,,,,,,,,,
e03d3a2fef8a406a9aaece73553ff7c1,2026-06-26T17:00:00+00:00,TONUSDT,BEAR,IGNORE,25,1.562,54.41911694555419,0.6326231557769777,0.011,IGNORE,,,,,,,,,
7c01c958f9144508beefec0861a5892d,2026-06-26T17:00:00+00:00,TRXUSDT,BEAR,IGNORE,25,0.3197,41.01096773356455,0.3352831968465117,0.0005857142857142,IGNORE,,,,,,,,,
56ecef3bf5e04e1aaafdc5a2d522b50f,2026-06-26T17:00:00+00:00,ARBUSDT,BEAR,IGNORE,20,0.0744,67.96192832166099,0.8767593718403479,0.0007928571428571,IGNORE,,,,,,,,,
551fc09421d04a5c86c55a1acab93dc4,2026-06-26T17:00:00+00:00,ETHUSDT,BEAR,IGNORE,20,1586.05,63.44031041877758,0.6436264958856716,14.860714285714314,IGNORE,,,,,,,,,
5fc311860096441fb2886b48ba79ea7f,2026-06-26T17:00:00+00:00,LINKUSDT,BEAR,IGNORE,20,7.381,67.07172249184865,0.5401249672282431,0.0662857142857142,IGNORE,,,,,,,,,
a80af11579504e78970df03b84281b8c,2026-06-26T17:00:00+00:00,DOTUSDT,BEAR,IGNORE,20,0.862,65.9362273497542,0.4807824173918347,0.0089285714285714,IGNORE,,,,,,,,,
6cd73a72ff5e46138bd3b81f2642a66c,2026-06-26T17:00:00+00:00,BNBUSDT,BEAR,IGNORE,20,567.52,60.252640815958856,0.4073050819474327,3.543571428571429,IGNORE,,,,,,,,,
e79c6b23a2fe4626911425e17d8806ab,2026-06-26T17:00:00+00:00,DOGEUSDT,BEAR,IGNORE,20,0.07562,65.68170190431269,0.3752970597592493,0.0006635714285714,IGNORE,,,,,,,,,
e65491250a024be1bb4c2871681a52a7,2026-06-26T17:00:00+00:00,SUIUSDT,BEAR,IGNORE,20,0.6985,65.22229739242901,0.2934925992738106,0.0069642857142857,IGNORE,,,,,,,,,
e315e6dc7ebd425b9283b761d239cbcf,2026-06-26T17:00:00+00:00,XRPUSDT,BEAR,IGNORE,20,1.0494,62.96989740275166,0.2300760227715124,0.0089571428571428,IGNORE,,,,,,,,,
6339536c524c48578e42d94f36c66d68,2026-06-26T17:00:00+00:00,ADAUSDT,BEAR,IGNORE,15,0.1489,70.14588536801797,0.7374554832700381,0.0016999999999999,IGNORE,,,,,,,,,
d10c6f3c302546c3a3bbfe34a52b1ef8,2026-06-26T17:00:00+00:00,SOLUSDT,BEAR,IGNORE,15,72.76,70.4661591242683,0.5591996364448293,0.9571428571428564,IGNORE,,,,,,,,,
14583510ad1b4654977d3bf122887f1c,2026-06-26T19:00:00+00:00,ATOMUSDT,BEAR,IGNORE,45,1.6,45.42077916038901,5.251258995088851,0.0102142857142857,IGNORE,,,,,,,,,
57563cf433f04cbb9cef6425ef1bb566,2026-06-26T19:00:00+00:00,OPUSDT,BEAR,IGNORE,45,0.1075,66.95453340924546,1.2443585795372054,0.0009214285714285,IGNORE,,,,,,,,,
df9d321e484242cfbd54707c9bbfe6b5,2026-06-26T19:00:00+00:00,INJUSDT,BEAR,IGNORE,25,4.866,73.04986330072472,1.0428273531643797,0.0686428571428571,IGNORE,,,,,,,,,
e0ba2b24129c4ccd89dca7ff3f1e67b4,2026-06-26T19:00:00+00:00,AVAXUSDT,BEAR,IGNORE,25,6.424,59.33172324577019,0.8875097328951563,0.0637857142857143,IGNORE,,,,,,,,,
a2289b1fcdb94a7cb349133ff8925c2c,2026-06-26T19:00:00+00:00,BTCUSDT,BEAR,IGNORE,25,60019.17,52.45275482792837,0.8359987957073576,266.48500000000007,IGNORE,,,,,,,,,
0fd7038eb294418a9cba5e896a20b99c,2026-06-26T19:00:00+00:00,LINKUSDT,BEAR,IGNORE,25,7.349,57.49668455741064,0.7461125825814467,0.0455714285714285,IGNORE,,,,,,,,,
93ab7107c13149178fb930b004ecd4c8,2026-06-26T19:00:00+00:00,BNBUSDT,BEAR,IGNORE,25,567.25,57.22133094404273,0.6135100016146985,2.142857142857143,IGNORE,,,,,,,,,
3658ffb0b535422cb137342026bf6d90,2026-06-26T19:00:00+00:00,ETHUSDT,BEAR,IGNORE,25,1581.04,57.14044454041444,0.5358559424390031,9.01071428571431,IGNORE,,,,,,,,,
b3ae3b9dcdb244e487c0e1828684480b,2026-06-26T19:00:00+00:00,TRXUSDT,BEAR,IGNORE,25,0.3203,50.05100762076342,0.4939127426862884,0.0003999999999999,IGNORE,,,,,,,,,
d73f02f0d86e48f2a73cb14edac4c98b,2026-06-26T19:00:00+00:00,TONUSDT,BEAR,IGNORE,25,1.564,54.60538046561391,0.3909491817354906,0.0092857142857142,IGNORE,,,,,,,,,
fac8cdfa590c470d8d83b304af741a28,2026-06-26T19:00:00+00:00,NEARUSDT,BEAR,IGNORE,25,1.818,54.78144096614845,0.3855876502869636,0.0186428571428571,IGNORE,,,,,,,,,
75ff6f12fa454efb92c6cb69f5e736e2,2026-06-26T19:00:00+00:00,APTUSDT,BEAR,IGNORE,25,0.608,59.67588890783024,0.3567305495364725,0.0054285714285714,IGNORE,,,,,,,,,
43f9f1a3e14344c29938ea037673f04b,2026-06-26T19:00:00+00:00,ADAUSDT,BEAR,IGNORE,25,0.1478,57.703722436975305,0.3248042673350059,0.0011285714285714,IGNORE,,,,,,,,,
fbbfdbdff145460db561bf12f0f708fa,2026-06-26T19:00:00+00:00,XRPUSDT,BEAR,IGNORE,25,1.0442,53.69200173003801,0.2725091190777873,0.0058,IGNORE,,,,,,,,,
17fcbca3d721495b92bf40ba6b4d70bc,2026-06-26T19:00:00+00:00,SUIUSDT,BEAR,IGNORE,20,0.7006,63.18465104421523,1.1605446512944588,0.0051642857142857,IGNORE,,,,,,,,,
c2988f21f71441d89daf10201a5508b7,2026-06-26T19:00:00+00:00,SOLUSDT,BEAR,IGNORE,10,73.22,68.14037508034828,0.9157899885579824,0.6364285714285661,IGNORE,,,,,,,,,
5ca2bb87ce8c4054ab26147e94b252bc,2026-06-26T19:00:00+00:00,ARBUSDT,BEAR,IGNORE,10,0.0744,61.19959469428561,0.700465137550347,0.0006571428571428,IGNORE,,,,,,,,,
4d55270822fa45758f0d3cb1304d430b,2026-06-26T19:00:00+00:00,DOGEUSDT,BEAR,IGNORE,10,0.07566,61.68148465666175,0.5106767423227448,0.0004492857142857,IGNORE,,,,,,,,,
c210566c94854305976dd3c9c37bab23,2026-06-26T19:00:00+00:00,DOTUSDT,BEAR,IGNORE,10,0.861,60.00559422348677,0.4743039413931961,0.0071428571428571,IGNORE,,,,,,,,,
086d113bcebb414e96a05d505e771627,2026-06-26T19:00:00+00:00,SEIUSDT,BEAR,IGNORE,5,0.05221,39.27523183709542,0.8271993157266931,0.0003578571428571,IGNORE,,,,,,,,,
b28b4e424a5a441aabb324c04770d8e1,2026-06-26T21:00:00+00:00,OPUSDT,BEAR,IGNORE,45,0.1058,49.5348003554503,0.1194948838508517,0.0009,IGNORE,,,,,,,,,
414c6e6cbb224f638704fa297d08f70d,2026-06-26T21:00:00+00:00,INJUSDT,BEAR,IGNORE,35,4.756,51.02943347076876,0.221561467820956,0.0662857142857141,IGNORE,,,,,,,,,
2e15a2f4428c40b291e2c0477c2fd265,2026-06-26T21:00:00+00:00,ATOMUSDT,BEAR,IGNORE,25,1.593,43.21821872953533,1.1450396880098312,0.0099285714285714,IGNORE,,,,,,,,,
4f3694959a514a7aa2d61c7f616c3d63,2026-06-26T21:00:00+00:00,AVAXUSDT,BEAR,IGNORE,25,6.359,48.31236922206421,0.9519602770560792,0.0422857142857143,IGNORE,,,,,,,,,
f73c8f8fb8744434a69e5f2c0c7e0766,2026-06-26T21:00:00+00:00,ADAUSDT,BEAR,IGNORE,25,0.1474,51.57560092911883,0.7159319587136068,0.0008928571428571,IGNORE,,,,,,,,,
c9e8a5819dc24570b31053fee1351cf6,2026-06-26T21:00:00+00:00,SOLUSDT,BEAR,IGNORE,25,72.17,50.1632581427268,0.6926696295252733,0.577142857142855,IGNORE,,,,,,,,,
8ec332b703b247caa9241bc49eda0d4f,2026-06-26T21:00:00+00:00,ETHUSDT,BEAR,IGNORE,25,1571.03,47.838032422883295,0.679176348446232,6.8307142857142935,IGNORE,,,,,,,,,
3136eb7be9424a95ae43e83831640ff6,2026-06-26T21:00:00+00:00,NEARUSDT,BEAR,IGNORE,25,1.811,50.42284483527405,0.6304285780430978,0.0169285714285714,IGNORE,,,,,,,,,
c2904aa99a75430b817b785f77c63ed9,2026-06-26T21:00:00+00:00,SEIUSDT,BEAR,IGNORE,25,0.05253,51.05742011081737,0.5618409003335755,0.0003021428571428,IGNORE,,,,,,,,,
18858625152a413bb6e1ac07c54d5527,2026-06-26T21:00:00+00:00,XRPUSDT,BEAR,IGNORE,25,1.0447,51.62382641029812,0.5083315363521544,0.00535,IGNORE,,,,,,,,,
8fee32a879094f9299a093805fde4763,2026-06-26T21:00:00+00:00,DOTUSDT,BEAR,IGNORE,25,0.855,50.87816828286036,0.4853897889754935,0.0057142857142857,IGNORE,,,,,,,,,
10352d6657cc41efb490db80217276bc,2026-06-26T21:00:00+00:00,ARBUSDT,BEAR,IGNORE,25,0.0738,49.96536592575995,0.4433771757554121,0.0005714285714285,IGNORE,,,,,,,,,
72acf4efdc7c440fa38c619635c4da47,2026-06-26T21:00:00+00:00,SUIUSDT,BEAR,IGNORE,25,0.6983,56.13997033719619,0.4343916544799736,0.0045499999999999,IGNORE,,,,,,,,,
584ca42768f14a7aae3b56c183f36556,2026-06-26T21:00:00+00:00,BTCUSDT,BEAR,IGNORE,25,59718.0,45.71940843898177,0.4282201342716648,215.8914285714293,IGNORE,,,,,,,,,
f265a12d47d7465fb6196634b15dd323,2026-06-26T21:00:00+00:00,APTUSDT,BEAR,IGNORE,25,0.601,48.15605356377317,0.3781162212450747,0.0040714285714285,IGNORE,,,,,,,,,
b4e1811732274bca96b3606a424c59a9,2026-06-26T21:00:00+00:00,LINKUSDT,BEAR,IGNORE,25,7.314,49.35252885690946,0.3498766620755696,0.0373571428571429,IGNORE,,,,,,,,,
e96fcddc1f90497182cdb74a592e9c0e,2026-06-26T21:00:00+00:00,BNBUSDT,BEAR,IGNORE,25,565.05,48.57547311613282,0.3250526638419975,1.8942857142857288,IGNORE,,,,,,,,,
37edaf92880a4e28b4470ed0d752bb24,2026-06-26T21:00:00+00:00,TRXUSDT,BEAR,IGNORE,25,0.32,46.179042759531015,0.3153889584560633,0.0003571428571428,IGNORE,,,,,,,,,
08d0af354fcd424aa37a5831f9455753,2026-06-26T21:00:00+00:00,DOGEUSDT,BEAR,IGNORE,25,0.07548,53.96125559660527,0.3069869662281916,0.0003921428571428,IGNORE,,,,,,,,,
51e828d91d9942689fea04eb67ccdfee,2026-06-26T21:00:00+00:00,TONUSDT,BEAR,IGNORE,25,1.563,50.90059522870301,0.2351598336681274,0.0078571428571428,IGNORE,,,,,,,,,
b241acabe8a249d7be92d595328a571b,2026-06-26T22:00:00+00:00,OPUSDT,BEAR,IGNORE,65,0.1055,47.19668188594996,1.95466324087472,0.0008428571428571,IGNORE,,,,,,,,,
d5ffc418530c465a9dd576bd1b4c6c8e,2026-06-26T22:00:00+00:00,AVAXUSDT,BEAR,IGNORE,40,6.386,53.02111548032003,1.3241384252082629,0.039642857142857,IGNORE,,,,,,,,,
b1c2059a282d48da91b70b020e67e144,2026-06-26T22:00:00+00:00,BTCUSDT,BEAR,IGNORE,35,59894.0,50.74349772064952,1.098909268072272,193.0185714285716,IGNORE,,,,,,,,,
f09adaa8965e4e6b8383d47e755ca6db,2026-06-26T22:00:00+00:00,ATOMUSDT,BEAR,IGNORE,25,1.592,44.92427801843451,0.8394781671652856,0.0098571428571428,IGNORE,,,,,,,,,
a159459e14734ba48fceec5a1b885eee,2026-06-26T22:00:00+00:00,BNBUSDT,BEAR,IGNORE,25,567.55,56.05473486793273,0.7762940574576939,1.806428571428577,IGNORE,,,,,,,,,
cc4682037a66405b92f6c487c3907778,2026-06-26T22:00:00+00:00,LINKUSDT,BEAR,IGNORE,25,7.308,48.05196218082126,0.6323665795308802,0.0332857142857142,IGNORE,,,,,,,,,
119deec22e824925b9c0f95c30b9fff6,2026-06-26T22:00:00+00:00,ADAUSDT,BEAR,IGNORE,25,0.147,47.56206486965033,0.5707388412796155,0.0008571428571428,IGNORE,,,,,,,,,
0d49454ae3104e02aa8155baaeefce99,2026-06-26T22:00:00+00:00,TRXUSDT,BEAR,IGNORE,25,0.3205,53.33303882714579,0.5220050610560748,0.0003357142857142,IGNORE,,,,,,,,,
faee43758af645ed983f4f837dc0e4ba,2026-06-26T22:00:00+00:00,TONUSDT,BEAR,IGNORE,25,1.565,54.64969842799834,0.4683931973699274,0.0065714285714286,IGNORE,,,,,,,,,
0ad8f16877dc4b76bb9e698e1c485a4c,2026-06-26T22:00:00+00:00,ETHUSDT,BEAR,IGNORE,25,1573.37,49.31236497359575,0.4490227870669552,6.119285714285703,IGNORE,,,,,,,,,
8d44777cb8c74f0ebaa94483ebc62bcc,2026-06-26T22:00:00+00:00,INJUSDT,BEAR,IGNORE,25,4.787,54.72385187403719,0.3895506300852992,0.0582142857142855,IGNORE,,,,,,,,,
1e923910bc0e4bcd8dd9f5009601e501,2026-06-26T22:00:00+00:00,XRPUSDT,BEAR,IGNORE,25,1.0435,49.742816786405626,0.368225483636698,0.0051,IGNORE,,,,,,,,,
8a073667923f462a9f48f5c2dd50f898,2026-06-26T22:00:00+00:00,DOGEUSDT,BEAR,IGNORE,25,0.07547,52.379524196615804,0.340609238787824,0.00038,IGNORE,,,,,,,,,
f735b6a489eb4b56971c136204c48a60,2026-06-26T22:00:00+00:00,ARBUSDT,BEAR,IGNORE,25,0.0738,49.23235735760804,0.2725692095239493,0.0004999999999999,IGNORE,,,,,,,,,
84801028facd4730986611bdcadf83df,2026-06-26T22:00:00+00:00,SUIUSDT,BEAR,IGNORE,25,0.6958,51.07093324568299,0.2125334961813201,0.0039071428571428,IGNORE,,,,,,,,,
074a90e5260c4d59bdd2876f2b9ab528,2026-06-26T22:00:00+00:00,SEIUSDT,BEAR,IGNORE,20,0.05313,60.18814417520973,0.7319063197399008,0.0003628571428571,IGNORE,,,,,,,,,
070af860cf5d4c95acc69dedc6fb3ec1,2026-06-26T22:00:00+00:00,SOLUSDT,BEAR,IGNORE,15,71.65,44.12288285677787,0.4363906100087114,0.5757142857142858,IGNORE,,,,,,,,,
d56bc7cc30934e6cab62c55e8106bad9,2026-06-26T22:00:00+00:00,APTUSDT,BEAR,IGNORE,15,0.595,41.21869562231484,0.3737495661802715,0.0038571428571428,IGNORE,,,,,,,,,
a7c2eb08d63343afa7f0c83fe16b161b,2026-06-26T22:00:00+00:00,NEARUSDT,BEAR,IGNORE,15,1.785,41.697680850577925,0.2878917634632185,0.0174285714285714,IGNORE,,,,,,,,,
69f5b391168540608f24d8cf5c28da38,2026-06-26T22:00:00+00:00,DOTUSDT,BEAR,IGNORE,15,0.849,43.971433636596124,0.2182495333747934,0.0049285714285714,IGNORE,,,,,,,,,
12751640e59f4fb0aae5ac84fb36b735,2026-06-26T23:00:00+00:00,SEIUSDT,BEAR,IGNORE,45,0.0534,59.23433120756948,1.024376232068726,0.0003442857142857,IGNORE,,,,,,,,,
73aa6d130b7c45b39c0f73ccaeab4201,2026-06-26T23:00:00+00:00,OPUSDT,BEAR,IGNORE,45,0.1059,50.560668007971245,0.0664042010588054,0.0005428571428571,IGNORE,,,,,,,,,
938f787ba06d455681b1472b96db53f7,2026-06-26T23:00:00+00:00,TONUSDT,BEAR,IGNORE,30,1.555,42.44351100533811,1.2545242314423124,0.0061428571428571,IGNORE,,,,,,,,,
25ffc34d38b8426db12c9186fb2adb89,2026-06-26T23:00:00+00:00,TRXUSDT,BEAR,IGNORE,25,0.3206,55.45783844999758,0.9583962918227216,0.0002785714285714,IGNORE,,,,,,,,,
2fc35c2204a04f9a8498d00afdd71f7f,2026-06-26T23:00:00+00:00,LINKUSDT,BEAR,IGNORE,25,7.356,55.90236279175578,0.9221042186308198,0.0262857142857142,IGNORE,,,,,,,,,
d7c92488dac84152a47e7b4f7b0ad21e,2026-06-26T23:00:00+00:00,ARBUSDT,BEAR,IGNORE,25,0.0744,56.79908759321501,0.6924247655066395,0.0003785714285714,IGNORE,,,,,,,,,
042dd81dffa445ff95258be4af9bfb64,2026-06-26T23:00:00+00:00,SUIUSDT,BEAR,IGNORE,25,0.6987,55.51362055814968,0.6675423555145301,0.0025999999999999,IGNORE,,,,,,,,,
8723397925954af39de1cac6f9180609,2026-06-26T23:00:00+00:00,ETHUSDT,BEAR,IGNORE,25,1579.83,55.69282322080237,0.5978452793504583,4.932857142857123,IGNORE,,,,,,,,,
4ec8e62c563348beba34270686624ed3,2026-06-26T23:00:00+00:00,BTCUSDT,BEAR,IGNORE,25,60068.01,55.7133397873706,0.5866551622485716,144.3914285714288,IGNORE,,,,,,,,,
59cb540d9a664f5f9642964e403de977,2026-06-26T23:00:00+00:00,ATOMUSDT,BEAR,IGNORE,25,1.599,50.38283256629977,0.4737689445322702,0.0060714285714286,IGNORE,,,,,,,,,
5ae6beaacc174a91840a14ab8f829333,2026-06-26T23:00:00+00:00,XRPUSDT,BEAR,IGNORE,25,1.0493,56.89848053057475,0.4540885919937904,0.0038714285714285,IGNORE,,,,,,,,,
ac2214dae83d4fbc9cdc9035aeeb2ab8,2026-06-26T23:00:00+00:00,APTUSDT,BEAR,IGNORE,25,0.599,48.254560131349294,0.4145346424509651,0.0029285714285714,IGNORE,,,,,,,,,
e560041d88f24acf8f6a6f2d136e47e3,2026-06-26T23:00:00+00:00,DOTUSDT,BEAR,IGNORE,25,0.852,47.82477303307581,0.4116972103564885,0.0037857142857142,IGNORE,,,,,,,,,
209dab87b49447919e4abae8816ae621,2026-06-26T23:00:00+00:00,DOGEUSDT,BEAR,IGNORE,25,0.07587,58.39456100435421,0.4088952137974767,0.0002664285714285,IGNORE,,,,,,,,,
68c9f77748e149c38d3963c5f8b507d0,2026-06-26T23:00:00+00:00,NEARUSDT,BEAR,IGNORE,25,1.803,49.88639680515935,0.3841507565696648,0.0149999999999999,IGNORE,,,,,,,,,
d233467008e9489da970919f141df1ca,2026-06-26T23:00:00+00:00,ADAUSDT,BEAR,IGNORE,25,0.1485,58.08784292362921,0.3698298138073038,0.0007642857142857,IGNORE,,,,,,,,,
3dec4fb0eadb4d93a951873f6dcbb5a2,2026-06-26T23:00:00+00:00,BNBUSDT,BEAR,IGNORE,25,568.0,56.03470549966891,0.3445388708657622,1.2528571428571484,IGNORE,,,,,,,,,
4cf06d90f304498d97d15b4181343bb6,2026-06-26T23:00:00+00:00,SOLUSDT,BEAR,IGNORE,25,71.94,48.891731667292426,0.3098352374788568,0.4114285714285718,IGNORE,,,,,,,,,
0bbfbd9ef6cd4be09e35d8ef7f09e6cb,2026-06-26T23:00:00+00:00,AVAXUSDT,BEAR,IGNORE,15,6.578,72.48686686549837,1.1050730895438463,0.0467142857142855,IGNORE,,,,,,,,,
2b9a18a7e2a64f2596d9c050da23e92c,2026-06-26T23:00:00+00:00,INJUSDT,BEAR,IGNORE,10,4.883,65.2112798905074,0.2000278286487292,0.0449999999999999,IGNORE,,,,,,,,,
90f5a3db090344caa0c9e13a1c91eba8,2026-06-27T02:00:00+00:00,BNBUSDT,BEAR,IGNORE,45,568.17,56.59765497136601,3.2597569851679498,1.1807142857142676,IGNORE,,,,,,,,,
6197aa2e6a5a4ba38046bc2e827ce2a9,2026-06-27T02:00:00+00:00,OPUSDT,BEAR,IGNORE,45,0.1056,51.61967295579911,0.3255489964738818,0.0005571428571428562,IGNORE,,,,,,,,,
5620977af70e4904b47705e2b344a6a8,2026-06-27T02:00:00+00:00,ETHUSDT,BEAR,IGNORE,40,1583.88,59.52876516553251,1.3760586140485345,4.205000000000008,IGNORE,,,,,,,,,
29ae8ae44bee402580db9eaa33b4dad1,2026-06-27T02:00:00+00:00,ATOMUSDT,BEAR,IGNORE,40,1.593,51.00345338461845,1.2862150871703082,0.005571428571428624,IGNORE,,,,,,,,,
2158cec30e8b401d8f360c20d2561e92,2026-06-27T02:00:00+00:00,XRPUSDT,BEAR,IGNORE,35,1.0636,72.12319647685084,4.042222836851867,0.004207142857142854,IGNORE,,,,,,,,,
50a9779f66394102a1ef1cf9d089af7a,2026-06-27T02:00:00+00:00,DOTUSDT,BEAR,IGNORE,30,0.859,61.89819895779391,2.37456321605379,0.00335714285714286,IGNORE,,,,,,,,,
53237bb12d02437980b5d8a85ee91422,2026-06-27T02:00:00+00:00,TRXUSDT,BEAR,IGNORE,30,0.321,62.960283614043,2.1783547771838356,0.00022857142857143114,IGNORE,,,,,,,,,
c179eaf8b5654a7c892e9e336cba713d,2026-06-27T02:00:00+00:00,BTCUSDT,BEAR,IGNORE,30,60284.06,62.37030937468865,2.0676668275152945,126.0750000000002,IGNORE,,,,,,,,,
99edadd650704d67a4d294e5f588e301,2026-06-27T02:00:00+00:00,SUIUSDT,BEAR,IGNORE,30,0.7081,68.67671427810151,1.1834226843804643,0.0030071428571428432,IGNORE,,,,,,,,,
b906f454728c4d23a111fdf315cdc9c3,2026-06-27T02:00:00+00:00,ADAUSDT,BEAR,IGNORE,25,0.1494,62.070447866078574,1.3764260052309667,0.0006999999999999983,IGNORE,,,,,,,,,
2cb1e1272691420ca891dfd57047d6bd,2026-06-27T02:00:00+00:00,LINKUSDT,BEAR,IGNORE,25,7.402,62.99995864502118,1.2770632565286064,0.021285714285714224,IGNORE,,,,,,,,,
e9eb025b81bb429aac25669b460e1e1e,2026-06-27T02:00:00+00:00,INJUSDT,BEAR,IGNORE,25,4.952,63.94741973906745,1.2748253907844183,0.050500000000000114,IGNORE,,,,,,,,,
e5ee9950ff2c4c50a90b9e8836c83f29,2026-06-27T02:00:00+00:00,NEARUSDT,BEAR,IGNORE,25,1.83,60.93329366593141,1.210565698782543,0.012928571428571432,IGNORE,,,,,,,,,
40cd7b743f6942b1bfb3640808d0586a,2026-06-27T02:00:00+00:00,SOLUSDT,BEAR,IGNORE,25,72.09,52.83936583771134,0.6530283774709268,0.3299999999999993,IGNORE,,,,,,,,,
0dc44d9e8a2b4e2b829c1624726ea7e5,2026-06-27T02:00:00+00:00,SEIUSDT,BEAR,IGNORE,25,0.05272,51.076431175862126,0.6521315895724247,0.00033999999999999954,IGNORE,,,,,,,,,
4b2e45fa4b2543b0b6424398fada5c9d,2026-06-27T02:00:00+00:00,TONUSDT,BEAR,IGNORE,25,1.559,54.51879760002872,0.6002429695362116,0.006071428571428601,IGNORE,,,,,,,,,
820eb1d740e44b8ab52a30d211440e70,2026-06-27T02:00:00+00:00,DOGEUSDT,BEAR,IGNORE,20,0.07599,60.57075365037848,1.1373941803598175,0.0002478571428571429,IGNORE,,,,,,,,,
cc35b10276314ece91a5426b9dcb42db,2026-06-27T02:00:00+00:00,AVAXUSDT,BEAR,IGNORE,20,6.643,67.94757595018336,0.5991112532025271,0.055571428571428605,IGNORE,,,,,,,,,
ab44af5147cd41dcbf72a4c2783fa8db,2026-06-27T02:00:00+00:00,ARBUSDT,BEAR,IGNORE,10,0.0753,68.58755283516852,0.871589278624226,0.0003357142857142864,IGNORE,,,,,,,,,
999f15ee90a74deda5ce3cbedbf91f2f,2026-06-27T02:00:00+00:00,APTUSDT,BEAR,IGNORE,10,0.605,61.08649761962163,0.7363232696638833,0.002571428571428574,IGNORE,,,,,,,,,
